0, 0, 0, 0, 0, 0, 0, 0, 0, 0, 0, 0, 0, 0, 0, 0, 0, 0, 0, 0, 0, 0, 0, 0, 0, 0, 0, 0, 0, 0, 0, 0, 
0, 240, 255, 255, 255, 255, 255, 255, 255, 255, 255, 255, 255, 255, 255, 255, 255, 255, 255, 255, 255, 255, 255, 255, 255, 255, 255, 255, 255, 255, 202, 0, 
0, 0, 0, 0, 0, 0, 0, 1, 1, 1, 0, 1, 0, 0, 0, 0, 0, 0, 0, 0, 0, 0, 0, 0, 0, 0, 0, 0, 0, 7, 8, 0, 
0, 0, 0, 0, 0, 0, 0, 0, 0, 0, 0, 0, 0, 0, 0, 0, 0, 0, 0, 0, 0, 0, 0, 0, 0, 0, 0, 0, 1, 3, 3, 0, 
0, 0, 0, 0, 0, 2, 5, 4, 2, 0, 0, 0, 0, 0, 0, 0, 0, 0, 0, 0, 0, 0, 0, 0, 0, 0, 0, 0, 0, 0, 0, 0, 
0, 2, 3, 3, 2, 0, 0, 0, 0, 0, 0, 0, 1, 4, 4, 4, 4, 4, 4, 2, 1, 1, 3, 2, 1, 0, 3, 5, 4, 1, 0, 0, 
0, 0, 0, 0, 0, 0, 0, 1, 2, 3, 3, 2, 1, 0, 1, 2, 3, 3, 2, 1, 0, 0, 0, 0, 1, 1, 0, 0, 0, 0, 0, 0, 
0, 10, 12, 8, 1, 0, 0, 1, 1, 0, 0, 0, 0, 0, 0, 0, 1, 1, 1, 0, 0, 1, 0, 0, 0, 2, 5, 8, 9, 9, 5, 0, 
0, 46, 69, 61, 46, 23, 6, 0, 0, 0, 0, 0, 0, 0, 0, 0, 0, 0, 0, 0, 0, 0, 2, 2, 2, 0, 0, 0, 0, 1, 2, 0, 
0, 11, 18, 29, 42, 42, 25, 8, 1, 0, 0, 0, 0, 0, 0, 0, 0, 0, 0, 0, 0, 0, 0, 0, 0, 0, 0, 2, 0, 1, 0, 0, 
0, 0, 0, 0, 0, 0, 10, 4, 0, 0, 0, 0, 0, 0, 0, 1, 0, 0, 0, 0, 0, 0, 0, 0, 0, 0, 0, 0, 0, 0, 0, 0, 
0, 0, 0, 0, 0, 0, 0, 1, 1, 0, 0, 0, 0, 0, 0, 0, 4, 4, 5, 4, 3, 2, 0, 0, 0, 0, 0, 0, 0, 3, 3, 0, 
0, 0, 0, 0, 0, 0, 0, 0, 1, 1, 0, 0, 0, 0, 0, 0, 0, 0, 0, 0, 0, 0, 2, 10, 17, 23, 16, 12, 3, 7, 5, 0, 
0, 0, 0, 0, 0, 0, 0, 0, 0, 0, 0, 0, 0, 0, 0, 0, 2, 1, 0, 0, 0, 11, 32, 51, 61, 55, 57, 47, 43, 29, 18, 0, 
0, 19, 25, 26, 33, 38, 29, 12, 0, 0, 0, 0, 0, 0, 0, 0, 0, 0, 0, 0, 7, 27, 42, 40, 23, 18, 18, 33, 24, 11, 0, 0, 
0, 0, 0, 0, 0, 0, 0, 3, 3, 2, 2, 0, 0, 0, 0, 6, 26, 47, 55, 47, 32, 7, 0, 0, 0, 0, 0, 0, 0, 0, 0, 0, 
0, 0, 0, 0, 0, 0, 0, 0, 1, 0, 0, 0, 0, 5, 25, 48, 62, 62, 58, 56, 36, 3, 0, 0, 0, 0, 0, 0, 0, 13, 21, 0, 
0, 19, 24, 14, 10, 10, 9, 6, 3, 10, 14, 21, 30, 44, 56, 45, 7, 0, 0, 0, 3, 14, 17, 15, 18, 10, 6, 0, 0, 10, 15, 0, 
0, 0, 0, 0, 7, 19, 15, 0, 1, 12, 29, 39, 41, 29, 0, 0, 0, 0, 0, 0, 0, 0, 0, 7, 6, 5, 0, 0, 0, 0, 0, 0, 
0, 0, 0, 0, 0, 7, 1, 8, 21, 35, 28, 14, 0, 0, 0, 0, 0, 0, 10, 3, 0, 0, 0, 0, 1, 9, 16, 18, 11, 0, 0, 0, 
0, 0, 0, 9, 24, 14, 10, 16, 22, 11, 0, 0, 0, 0, 0, 0, 8, 8, 0, 0, 0, 0, 3, 7, 8, 0, 0, 0, 0, 0, 0, 0, 
0, 55, 73, 52, 22, 9, 14, 18, 5, 0, 0, 0, 0, 0, 0, 0, 0, 0, 0, 0, 0, 0, 0, 0, 0, 0, 0, 0, 0, 0, 4, 0, 
0, 32, 37, 17, 3, 0, 1, 0, 0, 0, 0, 0, 0, 0, 0, 0, 0, 0, 0, 0, 0, 0, 0, 0, 0, 0, 0, 8, 1, 0, 0, 0, 
0, 0, 0, 0, 0, 1, 0, 0, 0, 0, 0, 0, 0, 35, 66, 62, 38, 14, 0, 0, 0, 0, 0, 0, 0, 0, 15, 29, 16, 2, 3, 0, 
0, 0, 0, 2, 1, 0, 0, 0, 0, 0, 0, 18, 44, 49, 26, 0, 0, 0, 0, 0, 0, 0, 22, 71, 98, 101, 63, 20, 1, 6, 11, 0, 
0, 4, 4, 1, 0, 0, 0, 0, 0, 0, 0, 4, 10, 0, 0, 0, 0, 0, 4, 14, 21, 44, 93, 141, 162, 118, 45, 0, 0, 15, 16, 0, 
0, 29, 34, 14, 0, 0, 0, 0, 0, 0, 0, 0, 0, 0, 0, 0, 0, 0, 28, 59, 80, 74, 53, 34, 18, 14, 9, 10, 11, 33, 30, 0, 
0, 2, 8, 19, 29, 41, 39, 25, 8, 18, 43, 53, 30, 11, 5, 16, 22, 38, 53, 57, 38, 3, 0, 0, 0, 0, 0, 26, 67, 60, 36, 0, 
0, 0, 0, 4, 40, 64, 84, 107, 130, 134, 118, 82, 48, 17, 4, 0, 5, 17, 22, 14, 0, 0, 0, 0, 0, 0, 0, 0, 22, 0, 0, 0, 
0, 0, 0, 0, 0, 0, 0, 0, 0, 0, 0, 0, 0, 6, 0, 0, 0, 0, 0, 0, 0, 0, 0, 0, 0, 0, 2, 3, 0, 0, 0, 0, 
0, 140, 205, 191, 168, 151, 144, 135, 117, 92, 72, 58, 66, 88, 125, 157, 174, 170, 155, 147, 153, 180, 223, 255, 255, 255, 255, 195, 198, 255, 229, 0, 
0, 0, 0, 0, 0, 0, 0, 0, 0, 0, 0, 0, 0, 0, 0, 0, 0, 0, 0, 0, 0, 0, 0, 0, 0, 0, 0, 0, 0, 0, 0, 0, 
0, 0, 0, 0, 0, 0, 0, 0, 0, 0, 0, 0, 0, 0, 0, 0, 0, 0, 0, 0, 0, 0, 0, 0, 0, 0, 0, 0, 0, 0, 0, 0, 
0, 168, 246, 231, 211, 198, 198, 211, 232, 255, 255, 255, 255, 255, 221, 201, 255, 255, 255, 255, 255, 255, 255, 255, 255, 255, 255, 255, 255, 255, 255, 0, 
0, 18, 27, 30, 33, 39, 41, 44, 40, 36, 25, 12, 0, 0, 0, 0, 0, 5, 0, 0, 0, 0, 0, 0, 0, 0, 0, 0, 2, 2, 3, 0, 
0, 7, 12, 16, 22, 23, 22, 14, 10, 3, 7, 18, 19, 3, 0, 0, 0, 0, 0, 0, 0, 0, 0, 0, 0, 0, 0, 0, 0, 0, 0, 0, 
0, 0, 0, 0, 0, 0, 0, 0, 0, 1, 0, 7, 3, 0, 0, 8, 10, 0, 0, 0, 0, 0, 0, 0, 0, 0, 0, 0, 0, 0, 0, 0, 
0, 4, 7, 7, 4, 1, 2, 0, 2, 0, 0, 0, 0, 0, 0, 6, 8, 5, 6, 8, 2, 1, 1, 3, 1, 0, 0, 0, 0, 0, 0, 0, 
0, 0, 0, 0, 0, 1, 1, 4, 2, 4, 9, 9, 0, 0, 0, 11, 7, 1, 0, 0, 1, 0, 1, 0, 1, 1, 0, 0, 0, 0, 0, 0, 
0, 4, 4, 2, 1, 0, 0, 0, 0, 0, 8, 11, 7, 2, 8, 10, 5, 0, 0, 0, 0, 0, 0, 0, 1, 1, 3, 2, 1, 0, 0, 0, 
0, 0, 0, 0, 0, 1, 3, 1, 1, 9, 13, 0, 0, 0, 6, 3, 0, 0, 0, 0, 0, 0, 0, 0, 0, 0, 0, 0, 0, 0, 0, 0, 
0, 0, 3, 7, 6, 2, 4, 1, 8, 17, 12, 1, 0, 11, 16, 10, 5, 6, 5, 3, 1, 0, 0, 0, 0, 0, 0, 0, 1, 0, 0, 0, 
0, 0, 0, 0, 0, 0, 0, 0, 10, 15, 2, 0, 0, 0, 0, 0, 0, 0, 0, 0, 0, 0, 0, 0, 0, 0, 0, 1, 0, 0, 0, 0, 
0, 0, 1, 2, 1, 0, 0, 0, 0, 0, 0, 0, 0, 8, 2, 0, 0, 0, 0, 0, 0, 0, 0, 1, 2, 2, 1, 0, 0, 0, 0, 0, 
0, 0, 0, 0, 1, 0, 0, 7, 5, 0, 0, 0, 2, 4, 0, 0, 0, 0, 0, 0, 0, 0, 0, 0, 0, 0, 0, 0, 0, 0, 0, 0, 
0, 3, 4, 1, 0, 0, 0, 3, 0, 0, 0, 7, 13, 2, 0, 0, 0, 0, 0, 0, 0, 0, 0, 0, 1, 0, 0, 0, 0, 0, 0, 0, 
0, 0, 0, 0, 0, 0, 12, 19, 11, 0, 0, 10, 10, 4, 2, 0, 0, 0, 0, 0, 0, 1, 1, 1, 0, 0, 0, 0, 0, 0, 0, 0, 
0, 0, 0, 0, 0, 0, 3, 0, 0, 0, 0, 7, 1, 0, 0, 0, 0, 0, 0, 0, 0, 0, 0, 0, 0, 0, 0, 0, 0, 0, 0, 0, 
0, 9, 10, 2, 0, 12, 16, 3, 0, 0, 9, 8, 0, 0, 0, 0, 0, 1, 3, 1, 1, 0, 0, 0, 0, 0, 0, 0, 0, 0, 0, 0, 
0, 24, 24, 7, 9, 21, 11, 0, 0, 0, 8, 0, 0, 0, 0, 2, 5, 5, 2, 1, 0, 0, 0, 0, 3, 4, 5, 6, 5, 6, 3, 0, 
0, 0, 0, 15, 30, 22, 0, 0, 0, 11, 6, 0, 2, 3, 3, 3, 2, 1, 1, 1, 0, 0, 0, 2, 2, 4, 3, 2, 2, 2, 2, 0, 
0, 0, 0, 0, 3, 0, 0, 0, 8, 12, 5, 7, 7, 4, 0, 0, 0, 0, 0, 0, 1, 0, 3, 1, 2, 0, 0, 0, 0, 0, 0, 0, 
0, 0, 0, 11, 0, 0, 0, 0, 13, 5, 3, 0, 0, 0, 0, 0, 0, 0, 0, 2, 1, 4, 2, 3, 0, 0, 0, 0, 0, 0, 0, 0, 
0, 28, 49, 27, 0, 0, 0, 12, 4, 0, 0, 0, 0, 2, 1, 1, 0, 0, 0, 0, 0, 0, 0, 0, 0, 0, 0, 0, 0, 0, 0, 0, 
0, 39, 41, 5, 0, 0, 15, 19, 10, 6, 3, 1, 1, 2, 3, 1, 0, 0, 0, 1, 0, 0, 0, 1, 0, 0, 0, 0, 0, 0, 0, 0, 
0, 28, 0, 0, 0, 12, 19, 4, 0, 0, 0, 0, 0, 0, 0, 0, 2, 3, 2, 1, 3, 2, 2, 0, 0, 0, 0, 0, 1, 2, 2, 0, 
0, 0, 0, 0, 0, 15, 7, 0, 0, 0, 0, 0, 0, 0, 0, 0, 0, 0, 0, 0, 0, 0, 0, 0, 0, 3, 1, 3, 2, 1, 0, 0, 
0, 0, 0, 0, 21, 13, 0, 0, 0, 0, 0, 0, 0, 0, 0, 0, 1, 0, 0, 0, 3, 4, 4, 1, 4, 2, 3, 0, 0, 0, 0, 0, 
0, 0, 0, 21, 15, 2, 5, 7, 7, 4, 1, 1, 2, 4, 3, 2, 0, 1, 2, 3, 1, 2, 0, 2, 0, 3, 3, 6, 6, 6, 4, 0, 
0, 23, 25, 17, 1, 0, 0, 0, 1, 1, 1, 0, 1, 1, 1, 0, 0, 0, 0, 0, 0, 0, 0, 1, 4, 0, 0, 0, 0, 0, 0, 0, 
0, 17, 15, 0, 0, 1, 1, 0, 0, 0, 0, 0, 0, 0, 0, 0, 0, 0, 1, 2, 3, 5, 1, 2, 0, 0, 0, 0, 0, 0, 5, 0, 
0, 3, 4, 2, 0, 0, 0, 0, 0, 0, 0, 0, 0, 0, 0, 1, 2, 2, 2, 3, 6, 5, 0, 0, 0, 0, 0, 24, 52, 75, 61, 0, 
0, 226, 255, 255, 255, 255, 255, 255, 255, 255, 255, 255, 255, 255, 255, 255, 255, 255, 255, 255, 255, 255, 255, 255, 255, 255, 255, 255, 255, 255, 145, 0, 
0, 0, 0, 0, 0, 0, 0, 0, 0, 0, 0, 0, 0, 0, 0, 0, 0, 0, 0, 0, 0, 0, 0, 0, 0, 0, 0, 0, 0, 0, 0, 0, 
0, 0, 0, 0, 0, 0, 0, 0, 0, 0, 0, 0, 0, 0, 0, 0, 0, 0, 0, 0, 0, 0, 0, 0, 0, 0, 0, 0, 0, 0, 0, 0, 
0, 255, 255, 255, 255, 255, 255, 255, 255, 255, 255, 255, 255, 255, 255, 255, 255, 255, 255, 255, 255, 255, 255, 255, 255, 255, 255, 255, 255, 255, 255, 0, 
0, 0, 0, 0, 3, 3, 0, 0, 0, 0, 0, 0, 0, 0, 0, 0, 4, 7, 9, 5, 1, 0, 0, 0, 0, 0, 0, 0, 0, 0, 0, 0, 
0, 1, 2, 2, 1, 0, 1, 2, 1, 0, 0, 2, 3, 4, 3, 3, 2, 1, 0, 1, 3, 5, 8, 6, 4, 1, 2, 3, 5, 3, 2, 0, 
0, 3, 4, 2, 0, 0, 0, 0, 1, 0, 2, 0, 1, 0, 1, 0, 0, 0, 0, 0, 0, 0, 0, 0, 0, 0, 0, 0, 0, 1, 1, 0, 
0, 0, 0, 0, 0, 0, 0, 0, 0, 0, 0, 0, 0, 1, 0, 0, 0, 0, 0, 0, 0, 0, 0, 0, 0, 0, 4, 6, 8, 3, 0, 0, 
0, 0, 0, 0, 0, 0, 0, 0, 0, 0, 0, 0, 0, 0, 3, 3, 4, 3, 3, 1, 1, 0, 0, 1, 3, 8, 6, 5, 1, 4, 4, 0, 
0, 2, 3, 4, 6, 7, 8, 4, 2, 0, 1, 2, 0, 0, 0, 0, 0, 0, 0, 0, 0, 3, 2, 4, 5, 5, 5, 5, 6, 4, 1, 0, 
0, 0, 0, 0, 0, 0, 0, 6, 9, 11, 8, 7, 7, 4, 0, 0, 0, 0, 0, 0, 0, 0, 0, 0, 0, 0, 0, 0, 0, 2, 4, 0, 
0, 0, 0, 1, 1, 0, 0, 0, 0, 0, 0, 0, 0, 0, 0, 0, 0, 0, 0, 0, 0, 0, 0, 0, 0, 0, 0, 0, 0, 0, 0, 0, 
0, 1, 0, 0, 0, 0, 0, 0, 0, 0, 0, 0, 0, 0, 0, 1, 2, 3, 4, 4, 4, 2, 1, 0, 0, 0, 0, 0, 0, 0, 0, 0, 
0, 0, 0, 0, 0, 0, 0, 0, 0, 0, 0, 0, 0, 0, 0, 0, 1, 3, 4, 3, 0, 0, 0, 1, 3, 4, 0, 0, 0, 0, 0, 0, 
0, 0, 0, 0, 0, 0, 0, 0, 0, 0, 0, 0, 1, 3, 6, 7, 6, 3, 1, 0, 0, 0, 0, 0, 0, 0, 0, 0, 3, 1, 2, 0, 
0, 1, 1, 2, 0, 1, 0, 1, 0, 0, 0, 0, 0, 0, 0, 0, 0, 0, 0, 0, 0, 0, 0, 0, 0, 0, 0, 5, 7, 13, 9, 0, 
0, 0, 0, 0, 1, 1, 1, 0, 0, 0, 0, 0, 0, 0, 0, 0, 0, 0, 0, 0, 0, 0, 0, 0, 0, 0, 0, 0, 3, 6, 7, 0, 
0, 0, 0, 1, 2, 2, 1, 0, 0, 1, 2, 2, 1, 0, 0, 0, 0, 0, 0, 0, 0, 0, 3, 5, 7, 6, 4, 4, 1, 0, 0, 0, 
0, 1, 1, 0, 0, 0, 0, 0, 0, 0, 0, 0, 0, 1, 1, 1, 0, 0, 0, 0, 2, 5, 4, 2, 0, 0, 0, 0, 0, 0, 0, 0, 
0, 0, 0, 0, 0, 0, 0, 0, 0, 0, 0, 0, 0, 2, 5, 4, 1, 0, 0, 1, 3, 1, 1, 0, 0, 0, 0, 0, 0, 0, 0, 0, 
0, 0, 0, 0, 2, 2, 1, 0, 0, 0, 0, 0, 0, 0, 0, 0, 0, 1, 2, 3, 2, 2, 1, 2, 2, 2, 1, 0, 0, 1, 2, 0, 
0, 2, 2, 1, 0, 0, 0, 0, 0, 0, 0, 0, 0, 0, 0, 0, 0, 2, 4, 2, 0, 0, 0, 0, 0, 0, 0, 1, 2, 4, 3, 0, 
0, 0, 0, 0, 0, 0, 0, 0, 0, 0, 4, 5, 3, 1, 0, 1, 2, 3, 2, 0, 0, 0, 1, 0, 0, 0, 1, 1, 1, 0, 0, 0, 
0, 0, 0, 0, 0, 0, 0, 0, 0, 0, 1, 2, 3, 2, 1, 0, 0, 0, 0, 0, 0, 1, 0, 1, 2, 3, 1, 0, 0, 0, 0, 0, 
0, 0, 0, 0, 0, 0, 0, 0, 2, 3, 2, 2, 2, 4, 4, 4, 3, 3, 5, 4, 4, 2, 2, 0, 0, 0, 0, 0, 0, 0, 0, 0, 
0, 6, 8, 7, 5, 5, 5, 5, 3, 1, 1, 2, 4, 4, 5, 3, 2, 0, 0, 0, 0, 0, 0, 0, 1, 0, 0, 0, 0, 0, 0, 0, 
0, 0, 1, 1, 2, 1, 2, 2, 2, 1, 0, 0, 0, 0, 0, 0, 0, 1, 2, 2, 1, 0, 0, 0, 0, 0, 0, 0, 0, 0, 0, 0, 
0, 6, 9, 10, 11, 12, 10, 9, 8, 8, 6, 6, 5, 4, 0, 0, 0, 1, 0, 0, 0, 0, 0, 0, 0, 0, 0, 0, 0, 0, 0, 0, 
0, 0, 0, 0, 0, 0, 0, 0, 0, 0, 0, 0, 0, 2, 8, 9, 8, 3, 2, 3, 6, 7, 6, 3, 1, 0, 0, 0, 0, 1, 1, 0, 
0, 0, 7, 22, 37, 47, 54, 57, 55, 49, 35, 20, 7, 1, 0, 0, 0, 0, 0, 0, 0, 0, 3, 6, 8, 9, 9, 9, 9, 8, 5, 0, 
0, 35, 61, 79, 95, 109, 116, 121, 112, 84, 43, 10, 0, 0, 1, 0, 0, 0, 0, 0, 2, 2, 1, 0, 0, 0, 0, 0, 0, 0, 0, 0, 
0, 47, 55, 25, 6, 0, 0, 0, 0, 0, 0, 0, 0, 2, 0, 0, 0, 2, 4, 1, 0, 0, 0, 0, 1, 1, 0, 0, 0, 0, 0, 0, 
0, 56, 75, 58, 28, 0, 0, 0, 0, 59, 194, 255, 255, 255, 255, 255, 255, 255, 255, 255, 255, 255, 255, 255, 255, 255, 255, 255, 255, 255, 233, 0, 
0, 0, 0, 0, 0, 0, 0, 0, 0, 0, 0, 0, 0, 0, 0, 0, 0, 0, 0, 0, 0, 0, 0, 0, 0, 0, 0, 0, 0, 0, 0, 0, 
0, 0, 0, 0, 0, 0, 0, 0, 0, 0, 0, 0, 0, 0, 0, 0, 0, 0, 0, 0, 0, 0, 0, 0, 0, 0, 0, 0, 0, 0, 0, 0, 
0, 255, 255, 255, 255, 255, 255, 255, 255, 255, 255, 255, 255, 255, 255, 255, 255, 255, 255, 255, 255, 255, 255, 255, 255, 255, 255, 255, 255, 255, 255, 0, 
0, 0, 1, 7, 14, 22, 25, 23, 12, 0, 0, 0, 0, 0, 0, 0, 22, 55, 84, 99, 116, 131, 145, 138, 117, 93, 74, 58, 40, 6, 0, 0, 
0, 0, 0, 0, 0, 0, 3, 14, 27, 43, 49, 38, 9, 0, 0, 0, 1, 25, 28, 31, 38, 51, 64, 71, 59, 17, 0, 0, 0, 0, 0, 0, 
0, 2, 1, 0, 0, 0, 0, 0, 0, 5, 23, 41, 54, 62, 74, 69, 43, 0, 0, 0, 0, 0, 0, 0, 0, 0, 0, 0, 0, 0, 0, 0, 
0, 2, 5, 8, 9, 8, 7, 2, 0, 0, 0, 11, 31, 64, 72, 44, 0, 0, 0, 0, 0, 0, 0, 0, 0, 0, 0, 0, 0, 0, 0, 0, 
0, 3, 5, 4, 6, 4, 1, 1, 2, 1, 0, 1, 15, 9, 0, 0, 0, 0, 0, 10, 32, 56, 64, 45, 18, 13, 12, 5, 0, 0, 0, 0, 
0, 1, 1, 3, 0, 2, 3, 5, 11, 30, 52, 66, 49, 11, 0, 0, 0, 0, 0, 0, 0, 0, 0, 0, 0, 0, 2, 11, 7, 0, 0, 0, 
0, 0, 3, 14, 30, 41, 49, 58, 70, 90, 101, 86, 32, 0, 0, 0, 0, 0, 0, 0, 0, 0, 0, 0, 0, 0, 25, 43, 40, 25, 10, 0, 
0, 14, 31, 53, 67, 80, 90, 94, 80, 36, 0, 0, 0, 0, 0, 0, 19, 10, 0, 0, 0, 0, 0, 0, 0, 0, 0, 0, 1, 2, 1, 0, 
0, 23, 36, 29, 8, 0, 0, 0, 0, 0, 0, 0, 0, 0, 10, 15, 7, 15, 27, 10, 0, 0, 0, 10, 23, 5, 0, 0, 0, 0, 0, 0, 
0, 0, 0, 0, 0, 0, 0, 0, 0, 0, 5, 42, 67, 58, 38, 7, 0, 15, 50, 71, 62, 45, 32, 34, 25, 11, 0, 0, 0, 0, 1, 0, 
0, 0, 0, 0, 0, 0, 0, 0, 0, 0, 11, 28, 42, 55, 62, 72, 63, 40, 12, 6, 17, 23, 12, 0, 0, 0, 8, 23, 22, 17, 9, 0, 
0, 0, 0, 0, 0, 0, 0, 0, 0, 0, 0, 0, 0, 12, 45, 53, 35, 0, 0, 0, 0, 0, 0, 0, 3, 0, 0, 0, 0, 11, 11, 0, 
0, 0, 0, 0, 0, 0, 0, 0, 0, 0, 0, 0, 0, 0, 0, 0, 0, 0, 0, 0, 0, 0, 0, 5, 25, 24, 5, 0, 0, 10, 10, 0, 
0, 38, 62, 74, 78, 91, 105, 122, 123, 100, 33, 0, 0, 0, 0, 0, 0, 19, 53, 60, 55, 48, 41, 25, 15, 23, 44, 55, 45, 24, 8, 0, 
0, 17, 33, 45, 62, 76, 97, 111, 131, 130, 91, 0, 0, 0, 0, 0, 0, 6, 50, 66, 71, 77, 66, 26, 0, 0, 0, 0, 0, 0, 0, 0, 
0, 0, 0, 0, 0, 0, 0, 0, 1, 19, 53, 86, 83, 19, 0, 0, 0, 0, 24, 70, 81, 64, 27, 0, 0, 0, 0, 0, 0, 0, 0, 0, 
0, 0, 0, 0, 0, 0, 0, 0, 0, 5, 33, 79, 125, 156, 145, 86, 11, 0, 0, 0, 0, 0, 0, 0, 21, 44, 41, 20, 5, 5, 7, 0, 
0, 0, 1, 0, 0, 0, 0, 0, 0, 0, 0, 6, 23, 60, 102, 119, 74, 2, 0, 0, 0, 0, 0, 6, 24, 22, 10, 0, 0, 1, 4, 0, 
0, 1, 2, 4, 5, 5, 6, 7, 7, 6, 0, 0, 0, 0, 12, 36, 49, 21, 0, 0, 0, 0, 0, 0, 0, 0, 0, 0, 0, 0, 0, 0, 
0, 0, 0, 0, 3, 9, 12, 11, 9, 1, 1, 0, 4, 5, 1, 7, 21, 24, 20, 16, 22, 5, 0, 0, 0, 0, 0, 7, 4, 0, 0, 0, 
0, 0, 2, 3, 1, 0, 0, 0, 0, 0, 0, 0, 0, 0, 0, 0, 13, 26, 13, 6, 0, 10, 5, 0, 0, 0, 12, 36, 57, 55, 30, 0, 
0, 0, 0, 0, 0, 0, 0, 0, 0, 0, 2, 5, 1, 0, 0, 0, 0, 4, 5, 0, 0, 0, 30, 36, 24, 0, 0, 0, 0, 2, 4, 0, 
0, 1, 1, 0, 0, 0, 0, 0, 0, 0, 0, 0, 0, 0, 0, 0, 0, 11, 14, 10, 1, 16, 35, 39, 14, 0, 0, 0, 0, 0, 0, 0, 
0, 0, 0, 0, 0, 1, 1, 0, 0, 2, 3, 4, 0, 3, 1, 1, 0, 1, 12, 13, 11, 4, 6, 2, 0, 0, 0, 17, 25, 27, 17, 0, 
0, 0, 0, 0, 0, 0, 0, 0, 0, 0, 0, 0, 4, 3, 5, 4, 3, 2, 1, 3, 0, 0, 0, 0, 23, 44, 58, 53, 51, 44, 28, 0, 
0, 0, 0, 0, 0, 0, 0, 0, 0, 2, 2, 0, 0, 1, 3, 4, 3, 4, 9, 18, 23, 17, 5, 14, 35, 50, 38, 22, 16, 19, 14, 0, 
0, 4, 5, 2, 0, 0, 0, 0, 0, 0, 0, 1, 6, 8, 7, 7, 5, 2, 5, 4, 0, 0, 0, 0, 0, 0, 0, 0, 0, 0, 0, 0, 
0, 4, 7, 10, 10, 10, 8, 5, 1, 0, 0, 0, 0, 0, 0, 0, 3, 9, 9, 5, 0, 0, 0, 0, 0, 0, 0, 0, 0, 0, 0, 0, 
0, 239, 255, 255, 255, 255, 255, 255, 255, 255, 255, 255, 255, 255, 255, 255, 255, 255, 255, 255, 255, 255, 255, 255, 255, 255, 255, 255, 255, 255, 205, 0, 
0, 0, 0, 0, 0, 0, 0, 0, 0, 0, 0, 0, 0, 0, 0, 0, 0, 0, 0, 0, 0, 0, 0, 0, 0, 0, 0, 0, 0, 0, 0, 0, 
0, 0, 0, 0, 0, 0, 0, 0, 0, 0, 0, 0, 0, 0, 0, 0, 0, 0, 0, 0, 0, 0, 0, 0, 0, 0, 0, 0, 0, 0, 0, 0, 
0, 194, 255, 199, 144, 123, 137, 153, 143, 106, 74, 61, 64, 58, 50, 42, 50, 65, 102, 163, 235, 255, 255, 235, 159, 114, 153, 251, 255, 255, 235, 0, 
0, 18, 29, 39, 52, 59, 49, 26, 3, 0, 0, 0, 0, 0, 0, 0, 3, 39, 73, 104, 106, 64, 10, 0, 0, 3, 27, 28, 13, 0, 0, 0, 
0, 5, 17, 33, 47, 51, 45, 39, 42, 53, 66, 73, 77, 77, 81, 81, 81, 69, 57, 41, 15, 0, 0, 0, 0, 16, 19, 15, 2, 1, 0, 0, 
0, 0, 0, 0, 0, 0, 0, 9, 24, 34, 37, 37, 38, 43, 43, 39, 24, 13, 0, 0, 0, 0, 0, 0, 0, 0, 0, 0, 1, 2, 4, 0, 
0, 0, 0, 0, 0, 0, 0, 0, 0, 0, 0, 0, 0, 0, 0, 0, 0, 0, 0, 0, 0, 0, 0, 0, 0, 0, 0, 1, 0, 0, 0, 0, 
0, 3, 4, 5, 2, 0, 0, 0, 3, 2, 5, 1, 2, 0, 3, 3, 6, 3, 4, 0, 6, 3, 0, 0, 0, 0, 3, 1, 0, 0, 0, 0, 
0, 0, 0, 0, 0, 0, 0, 0, 0, 0, 0, 0, 0, 0, 0, 0, 0, 3, 7, 12, 9, 1, 0, 0, 7, 17, 11, 3, 0, 0, 0, 0, 
0, 0, 0, 0, 0, 0, 1, 0, 0, 0, 2, 2, 3, 0, 1, 0, 0, 0, 0, 4, 2, 0, 0, 4, 21, 14, 1, 0, 0, 2, 2, 0, 
0, 0, 0, 0, 0, 0, 0, 0, 0, 0, 0, 0, 0, 0, 0, 0, 0, 0, 0, 0, 0, 0, 0, 10, 16, 7, 0, 0, 0, 0, 0, 0, 
0, 3, 4, 2, 3, 2, 4, 2, 5, 4, 7, 5, 6, 0, 0, 0, 31, 55, 42, 0, 0, 0, 0, 12, 10, 0, 0, 0, 0, 0, 0, 0, 
0, 3, 4, 3, 1, 2, 2, 2, 0, 0, 0, 0, 0, 4, 14, 39, 56, 53, 21, 0, 0, 13, 30, 22, 2, 0, 2, 3, 2, 1, 0, 0, 
0, 0, 0, 1, 3, 4, 4, 5, 4, 3, 2, 0, 0, 4, 32, 42, 20, 0, 0, 0, 0, 26, 28, 11, 3, 0, 1, 2, 3, 2, 1, 0, 
0, 0, 0, 0, 1, 1, 0, 0, 0, 0, 0, 0, 0, 0, 7, 2, 0, 0, 0, 0, 11, 21, 8, 0, 4, 7, 6, 3, 1, 0, 0, 0, 
0, 1, 2, 3, 1, 0, 0, 0, 0, 0, 0, 18, 60, 67, 38, 0, 0, 0, 0, 23, 32, 21, 8, 6, 3, 0, 0, 0, 1, 5, 5, 0, 
0, 2, 3, 1, 0, 0, 0, 0, 0, 0, 21, 91, 112, 67, 0, 0, 0, 0, 20, 38, 21, 0, 0, 0, 0, 0, 0, 0, 0, 0, 0, 0, 
0, 0, 0, 0, 0, 0, 0, 0, 40, 88, 102, 59, 0, 0, 0, 0, 0, 1, 25, 15, 3, 0, 1, 0, 0, 0, 0, 0, 2, 3, 2, 0, 
0, 28, 28, 13, 14, 37, 77, 126, 160, 132, 33, 0, 0, 0, 0, 12, 55, 53, 22, 2, 0, 0, 0, 0, 0, 2, 1, 0, 0, 0, 0, 0, 
0, 45, 91, 125, 153, 162, 141, 82, 0, 0, 0, 0, 0, 0, 57, 75, 58, 27, 6, 0, 0, 1, 4, 3, 0, 0, 0, 1, 4, 4, 3, 0, 
0, 0, 20, 34, 11, 0, 0, 0, 0, 0, 0, 3, 67, 84, 61, 29, 8, 0, 2, 4, 6, 1, 0, 0, 0, 1, 1, 0, 0, 0, 0, 0, 
0, 0, 0, 0, 0, 0, 0, 0, 0, 42, 82, 78, 55, 25, 5, 0, 0, 2, 3, 5, 5, 8, 6, 6, 4, 5, 4, 2, 1, 0, 0, 0, 
0, 0, 0, 0, 0, 0, 37, 62, 73, 70, 47, 24, 7, 3, 2, 3, 4, 3, 1, 1, 0, 0, 0, 0, 1, 0, 1, 1, 0, 0, 0, 0, 
0, 36, 63, 74, 80, 79, 71, 55, 30, 9, 2, 0, 0, 0, 2, 4, 3, 2, 2, 0, 0, 0, 0, 0, 1, 2, 3, 8, 18, 25, 19, 0, 
0, 51, 72, 57, 36, 13, 0, 0, 0, 0, 0, 0, 0, 1, 1, 0, 0, 0, 0, 0, 0, 1, 2, 0, 3, 12, 23, 33, 38, 34, 21, 0, 
0, 0, 0, 0, 0, 0, 0, 0, 0, 0, 0, 0, 0, 0, 0, 0, 2, 0, 0, 0, 0, 0, 0, 0, 0, 0, 0, 0, 0, 0, 0, 0, 
0, 0, 0, 0, 0, 0, 0, 0, 0, 0, 0, 0, 0, 0, 0, 0, 0, 0, 0, 0, 5, 9, 18, 16, 5, 0, 0, 0, 0, 0, 0, 0, 
0, 0, 0, 0, 0, 0, 0, 0, 0, 0, 0, 0, 0, 0, 0, 0, 0, 0, 0, 2, 8, 16, 17, 18, 16, 10, 7, 14, 27, 31, 19, 0, 
0, 0, 0, 0, 0, 0, 0, 0, 0, 0, 0, 0, 0, 0, 0, 1, 0, 1, 5, 13, 16, 7, 0, 0, 0, 0, 12, 18, 10, 0, 0, 0, 
0, 0, 0, 0, 0, 0, 0, 0, 0, 0, 0, 0, 0, 0, 0, 0, 1, 4, 8, 4, 0, 0, 0, 0, 0, 0, 0, 0, 0, 0, 0, 0, 
0, 0, 0, 0, 0, 0, 0, 0, 0, 0, 0, 0, 0, 0, 1, 1, 3, 3, 0, 0, 0, 0, 9, 27, 28, 20, 12, 13, 22, 34, 31, 0, 
0, 206, 255, 255, 255, 255, 255, 255, 255, 255, 255, 255, 255, 255, 255, 255, 255, 255, 255, 246, 216, 214, 216, 206, 201, 231, 255, 255, 255, 255, 255, 0, 
0, 0, 0, 0, 0, 0, 0, 0, 0, 0, 0, 0, 0, 0, 0, 0, 0, 0, 0, 0, 0, 0, 0, 0, 0, 0, 0, 0, 0, 0, 0, 0, 
0, 0, 0, 0, 0, 0, 0, 0, 0, 0, 0, 0, 0, 0, 0, 0, 0, 0, 0, 0, 0, 0, 0, 0, 0, 0, 0, 0, 0, 0, 0, 0, 
0, 228, 255, 255, 255, 255, 255, 255, 255, 255, 255, 255, 255, 255, 255, 255, 255, 255, 255, 255, 255, 255, 255, 255, 232, 169, 138, 135, 153, 188, 140, 0, 
0, 0, 0, 0, 0, 0, 0, 0, 0, 0, 0, 0, 0, 0, 0, 0, 0, 44, 107, 103, 34, 0, 0, 0, 0, 0, 0, 10, 34, 30, 15, 0, 
0, 0, 0, 0, 0, 0, 0, 2, 1, 3, 1, 0, 0, 0, 0, 0, 67, 100, 50, 0, 0, 0, 0, 0, 0, 26, 50, 54, 15, 0, 0, 0, 
0, 0, 0, 0, 0, 0, 0, 0, 0, 0, 0, 0, 0, 0, 43, 110, 101, 17, 0, 0, 0, 0, 0, 20, 58, 81, 68, 10, 0, 0, 0, 0, 
0, 0, 0, 0, 0, 0, 0, 3, 3, 0, 0, 0, 0, 54, 97, 58, 0, 0, 0, 0, 0, 25, 56, 80, 84, 56, 4, 0, 0, 58, 66, 0, 
0, 0, 0, 0, 0, 0, 0, 0, 0, 0, 0, 30, 82, 87, 19, 0, 0, 0, 12, 42, 67, 82, 73, 33, 0, 0, 0, 15, 71, 76, 40, 0, 
0, 0, 0, 0, 0, 0, 7, 20, 40, 77, 134, 169, 139, 58, 0, 0, 33, 65, 84, 91, 74, 31, 0, 0, 0, 0, 17, 74, 78, 43, 10, 0, 
0, 0, 2, 0, 0, 0, 14, 41, 82, 123, 142, 114, 66, 35, 40, 58, 55, 33, 0, 0, 0, 0, 0, 0, 17, 28, 18, 13, 32, 60, 49, 0, 
0, 3, 2, 6, 8, 7, 0, 0, 0, 0, 0, 0, 0, 0, 0, 0, 0, 0, 0, 0, 0, 0, 3, 28, 25, 1, 0, 0, 0, 0, 0, 0, 
0, 0, 0, 0, 0, 0, 0, 0, 0, 0, 0, 0, 0, 0, 0, 0, 0, 0, 0, 14, 20, 8, 0, 0, 0, 0, 0, 0, 0, 0, 0, 0, 
0, 0, 0, 0, 0, 0, 1, 0, 0, 0, 0, 0, 0, 0, 0, 0, 0, 0, 0, 11, 13, 0, 0, 0, 0, 0, 0, 0, 0, 0, 0, 0, 
0, 2, 1, 0, 0, 0, 7, 9, 0, 0, 0, 22, 97, 140, 143, 111, 35, 0, 0, 0, 0, 0, 9, 10, 11, 13, 25, 38, 58, 64, 45, 0, 
0, 0, 0, 1, 3, 1, 0, 0, 0, 46, 118, 158, 161, 149, 144, 139, 119, 51, 0, 0, 0, 0, 0, 0, 3, 9, 18, 30, 30, 24, 11, 0, 
0, 5, 7, 8, 7, 0, 0, 0, 20, 82, 109, 82, 38, 12, 9, 29, 69, 108, 98, 40, 0, 0, 0, 0, 0, 2, 0, 0, 0, 0, 0, 0, 
0, 2, 2, 0, 0, 0, 0, 12, 48, 54, 32, 12, 8, 3, 0, 0, 14, 48, 102, 139, 137, 67, 0, 0, 0, 0, 0, 0, 0, 0, 0, 0, 
0, 1, 3, 6, 0, 0, 5, 34, 46, 33, 13, 11, 11, 10, 2, 0, 0, 0, 23, 64, 96, 108, 58, 0, 0, 0, 0, 0, 0, 0, 0, 0, 
0, 0, 0, 0, 0, 6, 19, 25, 16, 6, 5, 7, 8, 8, 0, 0, 0, 0, 0, 0, 9, 47, 102, 117, 80, 5, 0, 0, 0, 0, 0, 0, 
0, 1, 0, 0, 0, 13, 23, 14, 0, 0, 2, 17, 32, 43, 55, 54, 46, 27, 13, 8, 6, 20, 41, 74, 93, 104, 88, 35, 0, 0, 0, 0, 
0, 2, 3, 4, 10, 17, 19, 24, 42, 65, 84, 84, 82, 81, 82, 88, 88, 90, 76, 63, 51, 45, 43, 44, 65, 87, 112, 119, 94, 28, 0, 0, 
0, 0, 0, 1, 15, 47, 84, 109, 112, 102, 72, 40, 4, 0, 0, 0, 0, 0, 0, 0, 0, 0, 11, 35, 57, 80, 91, 115, 143, 168, 118, 0, 
0, 0, 0, 9, 36, 69, 90, 77, 27, 0, 0, 0, 0, 0, 0, 0, 0, 0, 0, 0, 0, 0, 0, 0, 0, 0, 0, 13, 47, 95, 85, 0, 
0, 9, 18, 24, 8, 0, 0, 0, 0, 0, 0, 0, 0, 0, 0, 0, 0, 0, 0, 0, 0, 0, 0, 0, 0, 0, 0, 0, 0, 0, 0, 0, 
0, 16, 20, 0, 0, 0, 0, 0, 0, 0, 0, 0, 9, 6, 1, 0, 0, 0, 0, 0, 0, 0, 0, 0, 0, 0, 0, 0, 0, 0, 0, 0, 
0, 0, 0, 0, 0, 0, 0, 0, 0, 0, 0, 0, 0, 3, 8, 11, 11, 9, 5, 2, 1, 0, 0, 0, 0, 0, 3, 5, 0, 0, 0, 0, 
0, 0, 0, 0, 0, 4, 8, 9, 14, 23, 26, 23, 12, 7, 1, 0, 2, 8, 15, 17, 14, 7, 2, 5, 4, 5, 1, 0, 1, 0, 1, 0, 
0, 6, 15, 22, 16, 0, 0, 0, 6, 28, 37, 32, 25, 18, 18, 18, 15, 6, 0, 0, 0, 10, 16, 16, 12, 3, 0, 0, 0, 0, 0, 0, 
0, 0, 0, 0, 0, 0, 0, 0, 0, 0, 0, 0, 0, 0, 0, 0, 0, 0, 0, 1, 7, 4, 7, 9, 10, 17, 18, 20, 14, 8, 4, 0, 
0, 0, 0, 0, 0, 0, 0, 0, 0, 0, 0, 0, 0, 0, 0, 0, 0, 0, 0, 0, 0, 0, 0, 0, 0, 2, 0, 0, 0, 0, 0, 0, 
0, 149, 255, 255, 255, 255, 255, 241, 208, 174, 142, 97, 40, 0, 0, 5, 19, 0, 0, 0, 0, 0, 0, 0, 0, 0, 0, 0, 2, 5, 6, 0, 
0, 255, 255, 255, 255, 255, 255, 255, 255, 255, 255, 255, 255, 255, 255, 255, 255, 255, 255, 255, 255, 255, 255, 255, 184, 129, 101, 99, 108, 121, 84, 0, 
0, 0, 0, 0, 0, 0, 0, 0, 0, 0, 0, 0, 0, 0, 0, 0, 0, 0, 0, 0, 0, 0, 0, 0, 0, 0, 0, 0, 0, 0, 0, 0, 
0, 0, 0, 0, 0, 0, 0, 0, 0, 0, 0, 0, 0, 0, 0, 0, 0, 0, 0, 0, 0, 0, 0, 0, 0, 0, 0, 0, 0, 0, 0, 0, 
0, 41, 24, 0, 0, 0, 0, 0, 12, 78, 158, 240, 255, 255, 255, 255, 255, 255, 255, 255, 255, 255, 255, 255, 255, 255, 255, 255, 255, 255, 203, 0, 
0, 0, 0, 0, 0, 21, 44, 57, 57, 51, 45, 42, 45, 50, 54, 61, 65, 72, 80, 91, 100, 109, 114, 119, 102, 84, 52, 26, 0, 0, 0, 0, 
0, 40, 69, 89, 93, 93, 95, 94, 99, 96, 86, 69, 49, 32, 20, 15, 21, 29, 36, 44, 60, 82, 103, 108, 113, 102, 101, 97, 104, 100, 66, 0, 
0, 59, 81, 71, 64, 62, 57, 56, 50, 47, 46, 51, 58, 64, 66, 66, 63, 60, 58, 49, 42, 35, 39, 49, 54, 65, 73, 85, 85, 85, 55, 0, 
0, 7, 17, 26, 41, 51, 60, 60, 54, 36, 15, 0, 0, 0, 0, 0, 0, 0, 0, 0, 0, 0, 0, 0, 0, 0, 0, 0, 0, 0, 4, 0, 
0, 27, 55, 69, 61, 31, 0, 0, 0, 0, 0, 0, 0, 0, 0, 0, 0, 0, 0, 0, 0, 0, 0, 0, 0, 0, 0, 0, 0, 0, 0, 0, 
0, 21, 0, 0, 0, 0, 0, 0, 0, 0, 0, 0, 0, 24, 80, 123, 152, 162, 170, 169, 166, 159, 147, 127, 97, 57, 1, 0, 0, 0, 0, 0, 
0, 0, 0, 0, 0, 0, 0, 0, 31, 89, 132, 163, 184, 198, 203, 202, 195, 197, 197, 206, 211, 225, 238, 254, 255, 255, 255, 253, 235, 200, 121, 0, 
0, 0, 43, 120, 178, 209, 226, 231, 218, 191, 160, 132, 112, 92, 74, 56, 45, 35, 32, 23, 19, 9, 9, 11, 23, 44, 81, 127, 174, 213, 154, 0, 
0, 101, 194, 255, 255, 255, 229, 181, 139, 104, 80, 61, 37, 9, 0, 0, 0, 0, 0, 0, 0, 0, 0, 0, 0, 0, 0, 0, 0, 0, 0, 0, 
0, 0, 0, 0, 0, 0, 0, 0, 8, 12, 0, 0, 0, 0, 0, 0, 0, 0, 0, 0, 0, 0, 0, 0, 0, 0, 0, 0, 0, 0, 0, 0, 
0, 0, 0, 0, 0, 0, 0, 0, 0, 0, 0, 0, 0, 0, 0, 0, 0, 14, 24, 32, 35, 40, 41, 40, 37, 32, 28, 24, 18, 8, 1, 0, 
0, 0, 0, 0, 0, 0, 0, 0, 0, 0, 0, 0, 13, 39, 49, 50, 50, 47, 40, 32, 24, 19, 15, 14, 15, 14, 12, 8, 8, 9, 7, 0, 
0, 0, 0, 0, 0, 0, 0, 0, 44, 81, 91, 86, 72, 52, 31, 14, 0, 0, 0, 0, 0, 1, 1, 0, 0, 0, 0, 1, 2, 2, 0, 0, 
0, 0, 0, 0, 0, 0, 51, 84, 86, 69, 45, 19, 3, 0, 0, 0, 1, 1, 0, 0, 0, 0, 0, 0, 3, 1, 1, 0, 0, 0, 1, 0, 
0, 0, 6, 54, 89, 94, 79, 51, 22, 3, 0, 0, 0, 1, 2, 4, 4, 4, 2, 0, 0, 0, 0, 0, 0, 0, 0, 2, 2, 2, 1, 0, 
0, 60, 92, 98, 76, 50, 21, 2, 0, 0, 0, 0, 0, 0, 0, 0, 1, 2, 3, 2, 1, 0, 0, 0, 0, 0, 0, 0, 0, 0, 0, 0, 
0, 41, 49, 23, 7, 0, 0, 0, 0, 0, 1, 0, 0, 0, 0, 0, 0, 1, 3, 5, 5, 3, 1, 0, 0, 0, 0, 0, 0, 0, 0, 0, 
0, 0, 0, 0, 0, 0, 0, 0, 0, 0, 0, 2, 2, 2, 0, 0, 0, 0, 0, 1, 3, 6, 7, 6, 2, 0, 0, 0, 0, 2, 3, 0, 
0, 0, 0, 0, 0, 0, 0, 0, 0, 1, 2, 1, 0, 0, 0, 0, 0, 0, 0, 0, 0, 0, 1, 2, 3, 2, 0, 0, 0, 0, 0, 0, 
0, 1, 5, 0, 1, 0, 0, 0, 0, 0, 0, 0, 0, 0, 0, 0, 0, 0, 0, 0, 0, 0, 0, 1, 2, 3, 2, 1, 0, 0, 0, 0, 
0, 24, 20, 5, 0, 3, 0, 0, 0, 2, 0, 0, 0, 0, 0, 0, 0, 0, 0, 0, 0, 0, 0, 0, 1, 3, 5, 5, 2, 0, 0, 0, 
0, 28, 34, 16, 4, 0, 3, 0, 0, 0, 0, 2, 3, 3, 3, 1, 0, 0, 0, 0, 0, 0, 0, 0, 0, 0, 0, 2, 4, 5, 4, 0, 
0, 0, 0, 7, 0, 0, 0, 3, 1, 2, 0, 0, 0, 0, 0, 1, 0, 0, 0, 0, 0, 1, 3, 3, 3, 1, 0, 0, 1, 1, 0, 0, 
0, 0, 0, 5, 12, 6, 2, 0, 0, 0, 0, 0, 0, 0, 0, 0, 0, 2, 3, 3, 2, 1, 0, 0, 0, 1, 2, 2, 1, 2, 2, 0, 
0, 0, 0, 0, 0, 0, 0, 1, 0, 1, 0, 0, 0, 0, 0, 0, 0, 0, 0, 0, 0, 0, 0, 0, 0, 0, 0, 1, 4, 7, 6, 0, 
0, 0, 0, 0, 2, 4, 2, 0, 3, 4, 5, 5, 5, 5, 4, 3, 2, 1, 0, 0, 0, 0, 0, 0, 0, 0, 2, 4, 4, 1, 0, 0, 
0, 0, 0, 0, 0, 0, 1, 4, 3, 4, 6, 4, 3, 1, 2, 1, 0, 0, 0, 0, 0, 0, 0, 0, 0, 0, 0, 0, 0, 0, 0, 0, 
0, 1, 0, 0, 1, 1, 4, 2, 3, 3, 1, 2, 0, 1, 0, 0, 0, 0, 0, 0, 0, 0, 0, 0, 0, 2, 3, 3, 0, 0, 0, 0, 
0, 100, 195, 255, 255, 255, 255, 255, 255, 255, 255, 255, 255, 255, 255, 255, 255, 255, 255, 255, 255, 255, 255, 255, 255, 255, 255, 255, 255, 255, 205, 0, 
0, 0, 0, 0, 0, 0, 0, 0, 0, 0, 0, 0, 0, 0, 0, 0, 0, 0, 0, 0, 0, 0, 0, 0, 0, 0, 0, 0, 0, 0, 0, 0, 
0, 0, 0, 0, 0, 0, 0, 0, 0, 0, 0, 0, 0, 0, 0, 0, 0, 0, 0, 0, 0, 0, 0, 0, 0, 0, 0, 0, 0, 0, 0, 0, 
0, 238, 255, 255, 255, 255, 255, 255, 255, 255, 255, 255, 255, 255, 255, 255, 255, 255, 255, 255, 255, 255, 255, 255, 255, 255, 255, 255, 241, 255, 202, 0, 
0, 0, 0, 0, 1, 2, 0, 0, 2, 1, 1, 1, 3, 2, 1, 1, 0, 0, 0, 0, 0, 0, 0, 0, 0, 0, 0, 0, 0, 0, 0, 0, 
0, 0, 0, 0, 0, 0, 1, 0, 0, 0, 0, 0, 0, 0, 0, 1, 3, 3, 4, 6, 3, 5, 0, 0, 0, 0, 0, 14, 36, 38, 21, 0, 
0, 45, 40, 0, 0, 0, 0, 0, 0, 3, 4, 3, 0, 0, 0, 0, 0, 0, 0, 0, 0, 2, 10, 4, 0, 1, 21, 38, 49, 55, 40, 0, 
0, 76, 107, 87, 47, 9, 0, 0, 0, 0, 1, 2, 1, 0, 0, 0, 0, 0, 0, 0, 0, 0, 3, 12, 19, 35, 46, 50, 41, 39, 27, 0, 
0, 14, 44, 76, 86, 76, 53, 24, 0, 0, 0, 0, 0, 0, 0, 0, 0, 0, 0, 0, 0, 0, 0, 5, 13, 19, 31, 42, 45, 28, 11, 0, 
0, 0, 0, 0, 0, 42, 66, 58, 39, 13, 0, 0, 0, 1, 0, 0, 0, 0, 0, 0, 1, 1, 2, 5, 0, 0, 0, 9, 6, 0, 0, 0, 
0, 0, 0, 0, 0, 0, 0, 1, 36, 49, 37, 22, 8, 0, 2, 1, 0, 0, 0, 0, 0, 1, 0, 0, 0, 0, 0, 0, 0, 0, 0, 0, 
0, 112, 125, 37, 0, 0, 0, 0, 0, 0, 32, 36, 24, 12, 3, 4, 2, 3, 2, 0, 0, 0, 0, 0, 2, 0, 0, 0, 0, 0, 0, 0, 
0, 99, 160, 174, 167, 124, 49, 0, 0, 0, 0, 0, 23, 30, 17, 1, 0, 0, 0, 0, 0, 0, 0, 0, 0, 0, 0, 0, 0, 0, 0, 0, 
0, 0, 0, 0, 41, 97, 122, 109, 53, 0, 0, 0, 0, 0, 20, 16, 3, 0, 0, 0, 0, 0, 0, 0, 3, 4, 11, 16, 19, 7, 0, 0, 
0, 0, 0, 0, 0, 0, 0, 35, 98, 118, 75, 0, 0, 0, 0, 8, 11, 6, 3, 2, 2, 0, 0, 0, 0, 0, 0, 0, 3, 25, 26, 0, 
0, 16, 20, 8, 0, 0, 0, 0, 0, 17, 72, 89, 39, 0, 0, 0, 9, 9, 3, 3, 4, 7, 7, 8, 3, 1, 0, 0, 0, 0, 0, 0, 
0, 0, 0, 8, 17, 17, 6, 0, 0, 0, 0, 20, 55, 31, 0, 0, 0, 0, 1, 1, 1, 0, 0, 0, 2, 7, 15, 7, 0, 0, 0, 0, 
0, 4, 4, 1, 4, 8, 16, 16, 12, 0, 0, 0, 0, 30, 26, 0, 0, 0, 0, 0, 1, 0, 1, 2, 1, 3, 5, 13, 10, 0, 0, 0, 
0, 0, 0, 1, 0, 0, 0, 0, 0, 0, 0, 0, 0, 0, 21, 34, 25, 10, 0, 0, 0, 0, 0, 0, 0, 0, 0, 5, 19, 36, 31, 0, 
0, 0, 0, 0, 0, 1, 5, 5, 6, 2, 2, 2, 1, 0, 4, 13, 17, 10, 5, 2, 4, 3, 5, 3, 1, 0, 0, 4, 13, 19, 14, 0, 
0, 0, 1, 1, 0, 0, 0, 0, 0, 0, 0, 1, 0, 0, 0, 0, 0, 0, 3, 5, 3, 2, 0, 0, 0, 0, 0, 0, 0, 0, 0, 0, 
0, 5, 7, 7, 5, 3, 2, 2, 4, 5, 6, 3, 3, 3, 5, 4, 1, 0, 0, 0, 0, 0, 0, 0, 0, 0, 1, 0, 1, 1, 3, 0, 
0, 0, 0, 0, 0, 0, 0, 0, 0, 0, 0, 5, 7, 8, 4, 2, 1, 1, 0, 0, 0, 0, 0, 0, 0, 0, 0, 0, 0, 7, 6, 0, 
0, 0, 0, 0, 0, 0, 0, 0, 0, 0, 0, 0, 0, 0, 0, 0, 0, 0, 0, 0, 1, 0, 0, 0, 0, 2, 2, 3, 1, 2, 2, 0, 
0, 0, 0, 0, 0, 0, 0, 2, 0, 0, 0, 3, 5, 4, 3, 2, 5, 7, 8, 6, 2, 0, 0, 0, 0, 0, 0, 0, 0, 0, 0, 0, 
0, 0, 0, 0, 0, 0, 0, 1, 1, 1, 0, 0, 0, 0, 0, 1, 1, 0, 0, 0, 1, 4, 7, 8, 4, 3, 0, 0, 0, 0, 1, 0, 
0, 0, 0, 0, 0, 0, 0, 0, 0, 0, 0, 0, 2, 2, 0, 0, 0, 0, 4, 8, 6, 4, 1, 0, 1, 2, 4, 4, 5, 4, 2, 0, 
0, 0, 0, 0, 0, 0, 0, 0, 0, 0, 0, 0, 0, 0, 0, 0, 0, 0, 0, 0, 1, 2, 1, 0, 0, 0, 2, 4, 4, 1, 0, 0, 
0, 2, 3, 2, 2, 4, 7, 7, 5, 4, 5, 6, 6, 5, 4, 2, 0, 0, 0, 0, 0, 3, 9, 15, 14, 14, 7, 3, 0, 0, 0, 0, 
0, 6, 10, 12, 15, 14, 9, 2, 0, 0, 0, 1, 1, 2, 5, 8, 8, 3, 0, 0, 0, 0, 0, 0, 0, 1, 4, 4, 5, 3, 1, 0, 
0, 2, 4, 5, 1, 0, 0, 0, 0, 0, 0, 0, 0, 0, 0, 0, 0, 0, 3, 7, 6, 2, 0, 0, 0, 0, 0, 0, 2, 6, 5, 0, 
0, 0, 0, 0, 0, 0, 0, 0, 0, 0, 0, 0, 0, 0, 0, 0, 0, 0, 0, 0, 0, 0, 4, 5, 4, 0, 0, 0, 0, 0, 0, 0, 
0, 203, 255, 255, 255, 255, 255, 255, 255, 255, 255, 255, 255, 255, 255, 255, 255, 255, 255, 255, 255, 255, 255, 255, 255, 255, 255, 255, 255, 255, 199, 0, 
0, 0, 0, 0, 0, 0, 0, 0, 0, 0, 0, 0, 0, 0, 0, 0, 0, 0, 0, 0, 0, 0, 0, 0, 0, 0, 0, 0, 0, 0, 0, 0, 
0, 0, 0, 0, 0, 0, 0, 0, 0, 0, 0, 0, 0, 0, 0, 0, 0, 0, 0, 0, 0, 0, 0, 0, 0, 0, 0, 0, 0, 0, 0, 0, 
0, 206, 255, 255, 255, 255, 255, 255, 255, 255, 255, 255, 255, 255, 255, 255, 255, 249, 246, 233, 203, 167, 150, 153, 165, 169, 160, 150, 148, 163, 115, 0, 
0, 0, 0, 0, 0, 0, 0, 0, 0, 0, 4, 3, 6, 0, 0, 1, 12, 14, 6, 0, 0, 0, 4, 5, 0, 0, 0, 10, 28, 29, 19, 0, 
0, 0, 0, 0, 1, 1, 1, 2, 1, 1, 0, 2, 4, 7, 16, 36, 44, 34, 9, 0, 0, 0, 0, 0, 0, 0, 8, 19, 15, 10, 2, 0, 
0, 0, 0, 0, 1, 1, 2, 3, 3, 3, 0, 0, 0, 0, 9, 11, 0, 0, 0, 0, 0, 0, 0, 0, 0, 0, 0, 0, 0, 0, 0, 0, 
0, 0, 0, 1, 0, 0, 0, 0, 0, 0, 0, 0, 1, 1, 0, 0, 0, 0, 0, 0, 0, 0, 0, 0, 0, 0, 0, 0, 0, 0, 0, 0, 
0, 0, 0, 0, 0, 0, 2, 1, 0, 0, 0, 2, 0, 0, 0, 0, 0, 0, 9, 75, 87, 51, 0, 0, 0, 0, 0, 0, 5, 26, 19, 0, 
0, 2, 3, 2, 2, 2, 4, 5, 5, 2, 0, 0, 0, 0, 0, 0, 58, 129, 151, 146, 124, 97, 97, 122, 157, 169, 171, 170, 173, 175, 118, 0, 
0, 0, 0, 0, 0, 0, 0, 0, 0, 0, 3, 0, 0, 0, 5, 71, 108, 99, 68, 38, 35, 60, 90, 112, 124, 136, 127, 106, 82, 80, 54, 0, 
0, 0, 0, 1, 0, 0, 0, 0, 0, 1, 0, 0, 0, 21, 73, 77, 42, 12, 6, 7, 9, 9, 9, 2, 0, 0, 14, 29, 38, 29, 15, 0, 
0, 0, 0, 0, 0, 0, 0, 0, 3, 0, 0, 0, 25, 54, 58, 40, 24, 26, 30, 40, 40, 36, 22, 23, 28, 39, 30, 9, 0, 0, 0, 0, 
0, 0, 0, 1, 0, 0, 0, 0, 0, 0, 0, 0, 28, 44, 37, 24, 37, 49, 59, 52, 42, 27, 24, 18, 12, 0, 0, 0, 0, 0, 1, 0, 
0, 0, 0, 0, 0, 0, 0, 0, 0, 0, 0, 7, 13, 18, 16, 29, 33, 22, 0, 0, 0, 0, 0, 0, 0, 0, 6, 59, 105, 125, 86, 0, 
0, 0, 0, 0, 1, 1, 4, 4, 5, 15, 52, 86, 94, 70, 44, 21, 0, 0, 0, 0, 0, 21, 41, 53, 75, 99, 111, 98, 57, 0, 0, 0, 
0, 0, 0, 0, 0, 2, 0, 0, 0, 14, 55, 92, 103, 84, 47, 5, 0, 6, 52, 94, 113, 115, 101, 85, 60, 18, 0, 0, 0, 0, 0, 0, 
0, 2, 0, 0, 0, 0, 0, 0, 5, 0, 0, 0, 0, 0, 0, 0, 0, 0, 0, 0, 0, 0, 0, 0, 0, 0, 0, 0, 0, 0, 0, 0, 
0, 0, 0, 0, 6, 18, 27, 40, 53, 51, 20, 0, 0, 0, 0, 0, 0, 0, 0, 0, 0, 0, 0, 0, 0, 0, 0, 0, 0, 30, 31, 0, 
0, 19, 43, 68, 83, 84, 70, 48, 29, 15, 0, 0, 0, 0, 4, 12, 0, 0, 0, 0, 0, 0, 0, 0, 0, 0, 12, 31, 41, 48, 33, 0, 
0, 81, 102, 63, 22, 0, 0, 0, 0, 0, 0, 0, 32, 99, 132, 119, 85, 61, 51, 35, 21, 11, 12, 22, 39, 50, 57, 54, 47, 32, 16, 0, 
0, 0, 0, 0, 0, 0, 0, 0, 0, 0, 0, 26, 49, 46, 24, 12, 12, 14, 13, 20, 30, 44, 49, 54, 55, 53, 46, 35, 24, 14, 7, 0, 
0, 0, 0, 0, 0, 0, 6, 26, 47, 68, 62, 16, 0, 0, 0, 0, 0, 0, 11, 18, 30, 33, 41, 38, 34, 25, 15, 9, 3, 3, 0, 0, 
0, 13, 41, 78, 97, 91, 68, 48, 35, 13, 0, 0, 0, 0, 0, 0, 5, 28, 27, 23, 11, 12, 7, 10, 5, 3, 2, 2, 6, 6, 6, 0, 
0, 51, 77, 68, 47, 33, 34, 23, 0, 0, 0, 0, 1, 23, 21, 10, 16, 11, 13, 6, 12, 9, 13, 9, 5, 0, 0, 0, 0, 1, 0, 0, 
0, 14, 5, 0, 0, 0, 0, 0, 0, 0, 0, 27, 28, 6, 0, 2, 6, 6, 0, 8, 7, 9, 4, 2, 2, 3, 6, 0, 0, 0, 0, 0, 
0, 0, 0, 0, 0, 0, 0, 0, 13, 45, 54, 29, 0, 0, 0, 0, 0, 0, 0, 0, 1, 4, 3, 2, 3, 8, 7, 13, 21, 33, 24, 0, 
0, 11, 28, 52, 68, 74, 76, 86, 94, 88, 70, 41, 11, 2, 5, 9, 5, 0, 1, 0, 0, 0, 0, 13, 37, 69, 106, 139, 163, 172, 117, 0, 
0, 39, 60, 48, 24, 14, 23, 35, 43, 54, 63, 56, 45, 34, 24, 10, 0, 0, 5, 22, 48, 79, 106, 123, 135, 139, 145, 137, 112, 86, 47, 0, 
0, 0, 0, 0, 0, 0, 0, 0, 0, 0, 0, 0, 0, 13, 53, 91, 115, 132, 148, 162, 169, 167, 151, 108, 43, 0, 0, 0, 0, 0, 0, 0, 
0, 0, 0, 0, 0, 0, 0, 0, 0, 0, 0, 0, 0, 83, 150, 152, 131, 118, 105, 80, 39, 0, 0, 0, 0, 0, 0, 0, 0, 0, 0, 0, 
0, 0, 0, 0, 0, 0, 0, 0, 0, 0, 0, 0, 56, 97, 52, 0, 0, 0, 0, 0, 0, 0, 0, 0, 0, 0, 0, 0, 2, 3, 3, 0, 
0, 255, 255, 255, 255, 255, 255, 255, 255, 255, 255, 255, 239, 97, 0, 0, 0, 0, 0, 4, 19, 41, 76, 116, 134, 131, 113, 111, 110, 117, 78, 0, 
0, 0, 0, 0, 0, 0, 0, 0, 0, 0, 0, 0, 0, 0, 0, 0, 0, 0, 0, 0, 0, 0, 0, 0, 0, 0, 0, 0, 0, 0, 0, 0, 
0, 0, 0, 0, 0, 0, 0, 0, 0, 0, 0, 0, 0, 0, 0, 0, 0, 0, 0, 0, 0, 0, 0, 0, 0, 0, 0, 0, 0, 0, 0, 0, 
0, 82, 116, 111, 100, 97, 90, 78, 68, 71, 88, 94, 86, 92, 144, 230, 255, 255, 255, 255, 255, 255, 255, 255, 255, 255, 255, 255, 255, 255, 165, 0, 
0, 1, 3, 0, 2, 0, 7, 14, 21, 14, 0, 0, 0, 0, 0, 0, 0, 0, 0, 0, 0, 0, 0, 0, 0, 0, 0, 0, 18, 78, 74, 0, 
0, 11, 16, 20, 21, 22, 12, 7, 1, 0, 0, 0, 3, 6, 6, 4, 0, 0, 0, 0, 0, 0, 0, 0, 0, 0, 0, 0, 0, 0, 4, 0, 
0, 0, 0, 0, 0, 0, 0, 0, 0, 0, 0, 0, 0, 4, 10, 9, 9, 8, 7, 4, 0, 2, 27, 63, 77, 71, 62, 53, 27, 0, 0, 0, 
0, 0, 0, 0, 0, 0, 0, 0, 0, 0, 0, 0, 0, 0, 1, 11, 9, 5, 0, 0, 0, 0, 0, 4, 29, 57, 80, 87, 68, 31, 3, 0, 
0, 0, 0, 6, 28, 43, 29, 0, 0, 0, 21, 22, 18, 9, 3, 0, 0, 0, 0, 4, 11, 15, 0, 0, 0, 0, 0, 3, 0, 0, 0, 0, 
0, 123, 192, 207, 226, 237, 238, 233, 225, 223, 210, 182, 119, 51, 5, 0, 0, 0, 0, 0, 0, 0, 0, 0, 0, 0, 0, 0, 0, 0, 0, 0, 
0, 94, 148, 154, 139, 124, 115, 109, 92, 58, 22, 0, 0, 0, 0, 0, 0, 0, 0, 0, 0, 0, 0, 0, 0, 0, 0, 0, 0, 0, 0, 0, 
0, 0, 0, 0, 0, 0, 0, 0, 0, 0, 0, 0, 0, 0, 0, 0, 0, 0, 0, 0, 39, 75, 73, 16, 0, 0, 0, 0, 0, 0, 0, 0, 
0, 0, 0, 0, 0, 0, 0, 0, 0, 0, 0, 0, 0, 0, 0, 0, 27, 77, 126, 151, 158, 155, 136, 92, 30, 0, 0, 0, 0, 0, 0, 0, 
0, 43, 34, 0, 22, 67, 79, 34, 0, 0, 0, 7, 44, 73, 90, 90, 93, 93, 86, 76, 55, 41, 34, 43, 48, 31, 0, 0, 0, 0, 14, 0, 
0, 0, 0, 13, 34, 46, 51, 66, 84, 87, 81, 72, 67, 60, 51, 48, 40, 22, 6, 0, 0, 0, 4, 9, 7, 0, 0, 0, 0, 28, 32, 0, 
0, 0, 0, 0, 0, 0, 0, 23, 64, 82, 76, 55, 28, 3, 0, 0, 3, 7, 4, 7, 3, 9, 12, 17, 5, 0, 0, 21, 49, 43, 21, 0, 
0, 0, 0, 0, 0, 0, 3, 0, 0, 5, 16, 17, 0, 0, 0, 0, 0, 0, 4, 1, 0, 0, 0, 3, 13, 19, 33, 41, 34, 11, 0, 0, 
0, 53, 74, 61, 46, 39, 39, 45, 43, 37, 27, 10, 0, 0, 0, 0, 1, 6, 5, 10, 11, 12, 6, 11, 22, 38, 34, 21, 4, 0, 0, 0, 
0, 20, 34, 40, 48, 52, 53, 46, 32, 11, 0, 0, 0, 0, 0, 0, 0, 0, 0, 0, 4, 16, 23, 29, 33, 26, 10, 0, 0, 0, 0, 0, 
0, 19, 29, 27, 16, 0, 0, 0, 0, 0, 0, 0, 0, 0, 0, 0, 0, 0, 0, 0, 0, 0, 9, 11, 18, 24, 24, 14, 4, 1, 2, 0, 
0, 4, 0, 0, 0, 0, 0, 0, 0, 0, 0, 0, 0, 0, 0, 0, 0, 0, 0, 0, 0, 0, 0, 0, 0, 27, 49, 49, 34, 33, 24, 0, 
0, 1, 0, 0, 0, 0, 0, 21, 50, 68, 69, 55, 30, 10, 0, 0, 0, 0, 0, 0, 0, 0, 0, 0, 0, 3, 20, 37, 51, 56, 41, 0, 
0, 1, 5, 21, 41, 62, 69, 69, 66, 69, 72, 72, 66, 57, 57, 61, 68, 63, 53, 41, 31, 25, 24, 28, 23, 9, 0, 0, 0, 0, 0, 0, 
0, 2, 11, 20, 30, 20, 8, 0, 0, 0, 0, 0, 3, 28, 61, 95, 111, 110, 92, 67, 47, 35, 32, 31, 31, 14, 0, 0, 0, 0, 0, 0, 
0, 0, 0, 0, 0, 0, 0, 0, 2, 17, 38, 58, 73, 75, 74, 56, 33, 0, 0, 0, 0, 0, 0, 0, 0, 0, 0, 0, 0, 0, 11, 0, 
0, 0, 0, 7, 21, 36, 48, 62, 72, 80, 78, 75, 55, 26, 0, 0, 0, 0, 0, 0, 0, 0, 0, 0, 0, 0, 0, 0, 0, 23, 36, 0, 
0, 0, 6, 30, 52, 65, 70, 65, 48, 17, 0, 0, 0, 0, 0, 0, 0, 0, 0, 0, 0, 0, 0, 0, 0, 0, 0, 0, 0, 0, 5, 0, 
0, 54, 57, 18, 0, 0, 0, 0, 0, 0, 0, 0, 0, 0, 0, 0, 0, 0, 0, 0, 0, 14, 9, 0, 11, 36, 57, 48, 28, 0, 0, 0, 
0, 91, 94, 24, 0, 0, 0, 0, 0, 0, 0, 0, 0, 0, 0, 0, 0, 0, 35, 81, 110, 121, 115, 89, 61, 58, 70, 76, 56, 35, 13, 0, 
0, 0, 0, 4, 3, 0, 0, 0, 0, 0, 0, 0, 0, 0, 0, 0, 0, 10, 21, 18, 0, 0, 0, 0, 0, 0, 0, 4, 25, 31, 24, 0, 
0, 0, 0, 0, 0, 0, 0, 0, 0, 0, 0, 0, 42, 71, 83, 78, 67, 43, 9, 0, 0, 0, 0, 0, 0, 0, 0, 0, 0, 0, 0, 0, 
0, 0, 0, 0, 0, 0, 0, 28, 59, 78, 79, 79, 70, 65, 52, 43, 33, 28, 23, 24, 27, 30, 30, 24, 20, 11, 5, 0, 0, 0, 0, 0, 
0, 93, 199, 255, 255, 255, 255, 255, 255, 255, 255, 255, 255, 255, 255, 255, 255, 255, 255, 255, 255, 255, 255, 255, 255, 255, 255, 255, 255, 255, 208, 0, 
0, 0, 0, 0, 0, 0, 0, 0, 0, 0, 0, 0, 0, 0, 0, 0, 0, 0, 0, 0, 0, 0, 0, 0, 0, 0, 0, 0, 0, 0, 0, 0, 
0, 0, 0, 0, 0, 0, 0, 0, 0, 0, 0, 0, 0, 0, 0, 0, 0, 0, 0, 0, 0, 0, 0, 0, 0, 0, 0, 0, 0, 0, 0, 0, 
0, 106, 211, 255, 255, 255, 255, 255, 255, 255, 255, 255, 255, 255, 255, 255, 255, 255, 255, 255, 255, 255, 255, 255, 255, 255, 255, 255, 255, 255, 204, 0, 
0, 0, 0, 0, 1, 0, 0, 0, 0, 0, 0, 0, 0, 0, 0, 0, 0, 0, 0, 0, 0, 2, 3, 4, 2, 2, 2, 4, 3, 1, 0, 0, 
0, 0, 0, 0, 0, 1, 1, 0, 0, 0, 1, 1, 1, 0, 0, 0, 0, 0, 0, 0, 2, 2, 2, 0, 0, 0, 0, 0, 0, 0, 2, 0, 
0, 0, 0, 1, 0, 0, 0, 2, 2, 3, 0, 1, 0, 1, 0, 0, 0, 0, 0, 1, 0, 0, 0, 0, 0, 0, 2, 6, 5, 3, 1, 0, 
0, 0, 0, 3, 2, 0, 1, 0, 1, 0, 0, 0, 0, 1, 2, 2, 2, 3, 3, 1, 0, 0, 0, 0, 1, 1, 0, 0, 0, 0, 0, 0, 
0, 16, 19, 15, 5, 4, 2, 3, 0, 0, 0, 2, 2, 0, 0, 0, 0, 0, 0, 1, 1, 1, 1, 0, 0, 0, 0, 0, 0, 0, 0, 0, 
0, 12, 8, 0, 0, 0, 0, 3, 4, 3, 0, 0, 0, 0, 0, 0, 3, 6, 6, 6, 0, 0, 0, 0, 0, 0, 0, 7, 48, 99, 83, 0, 
0, 5, 7, 4, 6, 3, 0, 0, 0, 0, 3, 6, 14, 24, 25, 14, 0, 0, 0, 0, 0, 0, 0, 0, 39, 91, 147, 169, 161, 126, 71, 0, 
0, 5, 3, 0, 0, 0, 0, 0, 0, 0, 0, 11, 33, 53, 47, 18, 0, 0, 0, 0, 0, 53, 113, 163, 174, 157, 105, 51, 0, 0, 0, 0, 
0, 2, 3, 3, 2, 1, 2, 0, 2, 0, 0, 0, 0, 0, 0, 0, 0, 31, 91, 147, 174, 157, 119, 68, 20, 0, 0, 0, 0, 0, 0, 0, 
0, 1, 1, 1, 0, 0, 0, 3, 1, 2, 0, 0, 0, 0, 0, 0, 67, 128, 136, 106, 46, 0, 0, 0, 0, 0, 0, 0, 0, 0, 0, 0, 
0, 0, 0, 3, 5, 4, 0, 0, 0, 0, 0, 0, 0, 0, 2, 41, 63, 34, 0, 0, 0, 0, 0, 0, 0, 0, 0, 35, 60, 66, 45, 0, 
0, 0, 0, 0, 0, 0, 0, 0, 0, 0, 24, 60, 102, 130, 114, 52, 0, 0, 0, 0, 0, 0, 0, 25, 53, 64, 64, 57, 49, 34, 18, 0, 
0, 0, 0, 0, 0, 0, 1, 34, 63, 88, 100, 98, 75, 27, 0, 0, 0, 0, 0, 0, 17, 47, 61, 59, 53, 40, 23, 6, 0, 0, 0, 0, 
0, 0, 0, 0, 0, 17, 57, 85, 97, 78, 39, 0, 0, 0, 0, 0, 0, 9, 49, 64, 62, 48, 29, 11, 0, 0, 0, 0, 0, 1, 1, 0, 
0, 8, 28, 67, 97, 105, 76, 32, 0, 0, 0, 0, 0, 0, 0, 41, 62, 66, 54, 37, 14, 1, 0, 0, 0, 0, 1, 0, 0, 0, 0, 0, 
0, 54, 90, 92, 65, 0, 0, 0, 0, 0, 0, 0, 0, 47, 69, 61, 47, 24, 9, 0, 0, 0, 0, 0, 0, 0, 1, 0, 1, 1, 2, 0, 
0, 22, 0, 0, 0, 0, 0, 0, 0, 0, 13, 52, 66, 55, 30, 12, 0, 0, 0, 0, 0, 1, 2, 1, 0, 0, 0, 0, 0, 0, 0, 0, 
0, 0, 0, 0, 0, 0, 0, 39, 69, 81, 76, 56, 25, 2, 0, 0, 0, 0, 1, 1, 1, 0, 0, 0, 0, 0, 0, 0, 1, 4, 3, 0, 
0, 0, 0, 0, 35, 67, 78, 83, 71, 50, 23, 4, 0, 0, 3, 2, 0, 0, 0, 0, 0, 0, 1, 2, 3, 2, 1, 0, 0, 0, 0, 0, 
0, 37, 65, 78, 74, 54, 31, 8, 0, 0, 0, 4, 3, 3, 0, 1, 2, 3, 1, 0, 0, 0, 0, 0, 0, 0, 1, 2, 2, 0, 0, 0, 
0, 43, 53, 30, 11, 0, 0, 1, 2, 1, 1, 0, 1, 0, 3, 1, 2, 0, 0, 0, 1, 3, 2, 1, 0, 0, 0, 0, 0, 0, 1, 0, 
0, 0, 0, 0, 0, 0, 0, 0, 0, 0, 2, 5, 1, 1, 0, 0, 0, 0, 0, 0, 1, 0, 0, 0, 0, 1, 2, 5, 5, 4, 1, 0, 
0, 1, 0, 0, 0, 0, 0, 0, 0, 0, 0, 0, 0, 0, 1, 1, 0, 0, 0, 1, 2, 3, 2, 1, 0, 0, 0, 0, 0, 0, 0, 0, 
0, 1, 2, 1, 2, 1, 1, 2, 3, 2, 0, 0, 0, 0, 0, 0, 0, 0, 0, 0, 0, 0, 0, 0, 2, 4, 6, 5, 5, 6, 5, 0, 
0, 2, 1, 0, 0, 3, 3, 2, 0, 0, 0, 1, 0, 1, 2, 3, 3, 2, 2, 2, 2, 1, 0, 0, 0, 1, 2, 3, 2, 1, 0, 0, 
0, 0, 0, 0, 1, 0, 1, 1, 1, 0, 0, 0, 0, 1, 1, 2, 0, 0, 0, 0, 0, 1, 3, 3, 2, 1, 1, 2, 3, 2, 1, 0, 
0, 0, 0, 0, 2, 2, 2, 0, 0, 0, 0, 0, 0, 0, 0, 0, 0, 0, 0, 0, 0, 0, 0, 0, 0, 0, 0, 0, 0, 0, 0, 0, 
0, 2, 0, 0, 0, 0, 0, 0, 0, 0, 0, 0, 0, 0, 0, 0, 0, 0, 0, 0, 0, 0, 0, 0, 0, 0, 0, 0, 0, 0, 0, 0, 
0, 206, 255, 255, 255, 255, 255, 255, 255, 255, 255, 255, 255, 255, 255, 255, 255, 255, 255, 255, 255, 255, 255, 255, 255, 255, 255, 255, 255, 255, 205, 0, 
0, 0, 0, 0, 0, 0, 0, 0, 0, 0, 0, 0, 0, 0, 0, 0, 0, 0, 0, 0, 0, 0, 0, 0, 0, 0, 0, 0, 0, 0, 0, 0, 
0, 0, 0, 0, 0, 0, 0, 0, 0, 0, 0, 0, 0, 0, 0, 0, 0, 0, 0, 0, 0, 0, 0, 0, 0, 0, 0, 0, 0, 0, 0, 0, 
0, 205, 255, 255, 255, 255, 255, 255, 255, 255, 255, 255, 255, 255, 255, 255, 255, 255, 255, 255, 255, 255, 255, 255, 255, 255, 255, 255, 255, 255, 240, 0, 
0, 0, 1, 1, 2, 1, 2, 0, 0, 0, 0, 2, 3, 4, 0, 5, 13, 14, 3, 0, 0, 0, 0, 0, 0, 0, 0, 16, 60, 95, 69, 0, 
0, 0, 0, 6, 9, 10, 7, 6, 6, 2, 0, 0, 0, 0, 0, 0, 0, 0, 0, 0, 0, 0, 0, 4, 57, 99, 114, 92, 55, 16, 2, 0, 
0, 0, 0, 0, 0, 0, 0, 0, 0, 0, 0, 0, 0, 6, 25, 9, 0, 0, 7, 70, 129, 161, 172, 169, 168, 160, 125, 58, 0, 0, 0, 0, 
0, 0, 0, 0, 0, 0, 0, 0, 15, 44, 68, 89, 99, 97, 102, 136, 183, 197, 151, 103, 98, 133, 138, 79, 0, 0, 0, 0, 0, 0, 0, 0, 
0, 41, 71, 97, 118, 136, 150, 166, 182, 187, 176, 159, 124, 69, 16, 14, 58, 83, 48, 0, 0, 0, 0, 0, 0, 0, 0, 0, 0, 0, 0, 0, 
0, 99, 137, 112, 101, 99, 100, 84, 42, 0, 0, 0, 0, 0, 0, 0, 0, 0, 0, 0, 0, 0, 0, 0, 0, 0, 30, 62, 73, 72, 47, 0, 
0, 0, 0, 0, 0, 0, 0, 0, 0, 0, 0, 0, 0, 0, 0, 0, 0, 0, 0, 0, 0, 16, 51, 80, 86, 88, 81, 75, 61, 42, 20, 0, 
0, 0, 0, 0, 0, 0, 0, 0, 0, 0, 0, 0, 0, 0, 0, 0, 0, 38, 73, 83, 86, 85, 87, 78, 67, 43, 22, 3, 0, 0, 2, 0, 
0, 0, 0, 0, 0, 16, 34, 53, 67, 81, 92, 96, 99, 97, 100, 99, 98, 86, 71, 56, 42, 26, 8, 0, 0, 0, 0, 1, 3, 7, 3, 0, 
0, 60, 90, 84, 85, 84, 86, 87, 86, 84, 76, 68, 58, 55, 54, 53, 37, 18, 2, 0, 0, 0, 0, 3, 5, 7, 9, 6, 5, 0, 0, 0, 
0, 29, 38, 32, 24, 17, 11, 2, 0, 0, 0, 0, 0, 0, 0, 0, 0, 2, 8, 3, 3, 1, 1, 1, 0, 2, 0, 0, 0, 0, 0, 0, 
0, 0, 0, 0, 0, 0, 0, 0, 0, 0, 0, 2, 2, 1, 0, 0, 0, 0, 0, 0, 2, 4, 3, 1, 2, 0, 0, 0, 0, 0, 0, 0, 
0, 1, 3, 6, 2, 3, 7, 8, 7, 4, 3, 0, 0, 0, 0, 0, 0, 0, 0, 0, 0, 0, 0, 0, 0, 0, 0, 0, 0, 0, 0, 0, 
0, 0, 0, 0, 6, 8, 4, 1, 0, 1, 1, 2, 0, 0, 0, 0, 0, 0, 0, 0, 4, 7, 5, 1, 0, 0, 0, 1, 1, 5, 4, 0, 
0, 4, 7, 9, 6, 4, 3, 2, 0, 0, 0, 0, 5, 6, 7, 7, 8, 8, 5, 0, 0, 0, 0, 0, 0, 0, 0, 1, 3, 2, 1, 0, 
0, 1, 2, 3, 6, 7, 7, 5, 4, 5, 4, 5, 2, 2, 0, 0, 0, 0, 0, 0, 0, 1, 4, 4, 3, 4, 6, 6, 5, 3, 2, 0, 
0, 3, 4, 2, 1, 1, 2, 4, 4, 1, 0, 0, 0, 0, 0, 0, 0, 0, 0, 0, 0, 0, 0, 1, 1, 0, 0, 0, 0, 0, 0, 0, 
0, 0, 0, 0, 0, 0, 1, 1, 2, 3, 3, 3, 0, 1, 2, 6, 7, 7, 5, 5, 5, 6, 6, 6, 6, 5, 3, 1, 0, 0, 0, 0, 
0, 7, 8, 4, 0, 0, 0, 0, 0, 0, 0, 0, 3, 3, 4, 2, 3, 6, 11, 12, 8, 3, 0, 1, 2, 3, 0, 0, 0, 0, 1, 0, 
0, 1, 5, 9, 10, 7, 4, 6, 6, 5, 0, 0, 0, 0, 0, 0, 0, 0, 0, 0, 0, 0, 0, 0, 5, 4, 4, 1, 1, 3, 2, 0, 
0, 0, 0, 0, 0, 0, 4, 4, 3, 1, 3, 4, 4, 2, 0, 0, 0, 0, 0, 0, 0, 0, 0, 0, 0, 1, 1, 4, 2, 3, 2, 0, 
0, 0, 0, 0, 0, 0, 0, 0, 0, 0, 2, 3, 4, 4, 3, 1, 0, 0, 0, 0, 2, 2, 0, 0, 0, 0, 0, 0, 1, 0, 0, 0, 
0, 2, 2, 0, 0, 0, 0, 0, 0, 1, 2, 3, 3, 4, 5, 5, 3, 3, 2, 2, 3, 3, 2, 0, 0, 1, 3, 10, 7, 6, 1, 0, 
0, 3, 5, 4, 2, 0, 0, 0, 0, 0, 0, 0, 0, 0, 0, 0, 1, 0, 0, 0, 0, 0, 0, 0, 0, 0, 0, 0, 2, 0, 0, 0, 
0, 2, 1, 0, 0, 0, 0, 0, 0, 0, 0, 0, 0, 0, 0, 0, 0, 0, 0, 0, 0, 0, 4, 3, 3, 0, 0, 0, 0, 10, 8, 0, 
0, 0, 0, 0, 0, 0, 3, 3, 3, 1, 0, 0, 0, 0, 0, 1, 1, 0, 0, 0, 0, 0, 1, 3, 0, 0, 0, 0, 0, 0, 0, 0, 
0, 0, 0, 0, 0, 0, 0, 0, 0, 0, 1, 2, 1, 1, 2, 1, 0, 0, 0, 0, 0, 0, 0, 0, 0, 1, 0, 0, 0, 0, 0, 0, 
0, 4, 5, 4, 3, 2, 1, 0, 0, 0, 0, 0, 1, 1, 0, 0, 0, 0, 2, 3, 4, 1, 0, 1, 3, 6, 5, 3, 0, 0, 0, 0, 
0, 221, 255, 255, 255, 255, 255, 255, 255, 255, 255, 255, 255, 255, 255, 255, 255, 255, 255, 255, 255, 255, 255, 255, 255, 255, 255, 255, 255, 255, 191, 0, 
0, 0, 0, 0, 0, 0, 0, 0, 0, 0, 0, 0, 0, 0, 0, 0, 0, 0, 0, 0, 0, 0, 0, 0, 0, 0, 0, 0, 0, 0, 0, 0, 
0, 0, 0, 0, 0, 0, 0, 0, 0, 0, 0, 0, 0, 0, 0, 0, 0, 0, 0, 0, 0, 0, 0, 0, 0, 0, 0, 0, 0, 0, 0, 0, 
0, 205, 255, 255, 255, 255, 255, 255, 255, 255, 255, 255, 187, 129, 118, 126, 141, 144, 138, 126, 111, 100, 101, 121, 136, 135, 115, 91, 64, 42, 19, 0, 
0, 0, 0, 0, 11, 43, 62, 55, 32, 2, 0, 0, 0, 0, 3, 8, 10, 12, 13, 11, 13, 13, 10, 0, 0, 0, 0, 0, 0, 0, 0, 0, 
0, 18, 51, 83, 100, 87, 54, 7, 0, 0, 0, 0, 0, 2, 3, 0, 0, 0, 0, 0, 0, 0, 0, 0, 0, 0, 0, 0, 0, 33, 41, 0, 
0, 86, 103, 48, 0, 0, 0, 0, 0, 0, 13, 24, 20, 0, 0, 0, 0, 0, 0, 0, 0, 0, 0, 0, 0, 3, 78, 136, 161, 170, 114, 0, 
0, 0, 0, 0, 0, 0, 0, 0, 9, 0, 0, 0, 0, 0, 0, 0, 0, 0, 0, 0, 14, 74, 124, 146, 153, 153, 142, 113, 78, 47, 22, 0, 
0, 0, 0, 0, 16, 40, 45, 30, 0, 0, 0, 0, 0, 0, 0, 55, 117, 151, 160, 163, 162, 154, 138, 116, 84, 44, 8, 0, 0, 0, 0, 0, 
0, 14, 25, 31, 29, 20, 6, 0, 0, 0, 20, 78, 115, 130, 133, 126, 118, 109, 106, 94, 71, 37, 10, 0, 0, 1, 10, 14, 18, 17, 10, 0, 
0, 2, 1, 0, 0, 0, 0, 0, 12, 56, 108, 131, 133, 113, 78, 37, 6, 0, 0, 0, 0, 0, 0, 7, 10, 14, 10, 8, 6, 10, 9, 0, 
0, 0, 0, 0, 0, 0, 0, 0, 6, 29, 29, 14, 0, 2, 4, 6, 5, 2, 0, 0, 0, 0, 1, 10, 16, 16, 13, 9, 5, 15, 13, 0, 
0, 12, 18, 18, 15, 13, 6, 0, 0, 0, 0, 6, 18, 15, 8, 0, 0, 0, 0, 0, 0, 0, 0, 0, 0, 1, 9, 25, 54, 78, 61, 0, 
0, 18, 29, 35, 37, 33, 26, 19, 13, 9, 9, 10, 5, 0, 0, 0, 0, 0, 0, 2, 4, 0, 0, 0, 9, 35, 66, 91, 96, 66, 32, 0, 
0, 0, 0, 0, 0, 0, 0, 0, 0, 18, 13, 2, 0, 0, 0, 0, 4, 13, 19, 18, 15, 18, 27, 41, 61, 77, 81, 52, 0, 0, 0, 0, 
0, 0, 0, 0, 0, 0, 0, 0, 0, 5, 1, 0, 0, 0, 0, 11, 32, 45, 45, 41, 43, 59, 86, 103, 90, 42, 0, 0, 0, 0, 0, 0, 
0, 1, 19, 42, 42, 35, 37, 34, 20, 2, 0, 2, 12, 27, 30, 30, 26, 27, 32, 43, 57, 70, 65, 37, 0, 0, 0, 0, 0, 0, 0, 0, 
0, 0, 0, 14, 57, 85, 97, 88, 52, 8, 0, 0, 5, 6, 0, 0, 0, 0, 0, 29, 48, 21, 0, 0, 0, 0, 0, 0, 0, 0, 0, 0, 
0, 0, 0, 0, 0, 0, 46, 87, 114, 121, 120, 107, 90, 71, 54, 44, 46, 55, 54, 33, 0, 0, 0, 0, 0, 0, 0, 0, 0, 0, 0, 0, 
0, 20, 16, 0, 0, 0, 0, 0, 35, 102, 131, 128, 111, 101, 101, 109, 111, 81, 23, 0, 0, 0, 0, 0, 0, 0, 0, 0, 0, 0, 0, 0, 
0, 13, 29, 38, 26, 0, 0, 0, 0, 0, 0, 0, 0, 0, 0, 0, 0, 0, 0, 0, 0, 0, 0, 0, 3, 4, 1, 0, 0, 4, 4, 0, 
0, 2, 2, 9, 16, 27, 14, 0, 0, 0, 0, 0, 0, 0, 0, 0, 0, 0, 0, 0, 0, 2, 2, 3, 2, 0, 0, 2, 5, 4, 2, 0, 
0, 32, 41, 21, 9, 2, 9, 12, 5, 0, 0, 0, 0, 0, 0, 0, 30, 41, 36, 16, 5, 0, 0, 0, 1, 4, 7, 4, 0, 0, 0, 0, 
0, 0, 0, 0, 0, 0, 0, 0, 17, 27, 22, 0, 0, 0, 0, 0, 0, 28, 39, 41, 29, 16, 2, 0, 0, 0, 0, 0, 0, 0, 0, 0, 
0, 0, 0, 0, 0, 14, 41, 55, 56, 45, 42, 43, 36, 5, 0, 0, 0, 0, 0, 22, 46, 54, 46, 34, 16, 0, 0, 0, 0, 2, 3, 0, 
0, 0, 0, 10, 69, 112, 103, 69, 38, 25, 29, 48, 62, 65, 44, 12, 0, 0, 0, 0, 0, 0, 38, 51, 46, 32, 18, 10, 2, 0, 0, 0, 
0, 20, 24, 17, 12, 2, 0, 0, 0, 14, 28, 18, 3, 0, 22, 42, 50, 26, 0, 0, 0, 0, 0, 0, 16, 46, 57, 43, 24, 11, 5, 0, 
0, 13, 14, 0, 0, 0, 0, 0, 0, 0, 0, 3, 0, 0, 0, 11, 30, 47, 51, 35, 0, 0, 0, 0, 0, 0, 3, 36, 56, 54, 31, 0, 
0, 3, 6, 8, 4, 0, 0, 0, 0, 0, 0, 0, 0, 10, 3, 0, 0, 0, 23, 44, 51, 45, 20, 0, 0, 0, 0, 0, 0, 0, 14, 0, 
0, 0, 2, 4, 17, 32, 38, 20, 0, 0, 0, 0, 0, 7, 28, 23, 1, 0, 0, 0, 13, 34, 51, 53, 36, 0, 0, 0, 0, 0, 0, 0, 
0, 0, 0, 0, 0, 1, 12, 28, 39, 32, 2, 0, 0, 0, 0, 46, 69, 52, 25, 16, 24, 28, 27, 24, 27, 37, 38, 30, 0, 0, 0, 0, 
0, 0, 0, 0, 0, 0, 2, 7, 22, 34, 39, 23, 0, 0, 0, 0, 30, 65, 70, 55, 38, 21, 1, 0, 0, 0, 0, 7, 11, 4, 0, 0, 
0, 199, 255, 255, 255, 255, 255, 255, 255, 255, 255, 255, 255, 255, 255, 190, 120, 104, 128, 160, 177, 200, 255, 255, 255, 255, 255, 255, 255, 255, 255, 0, 
0, 0, 0, 0, 0, 0, 0, 0, 0, 0, 0, 0, 0, 0, 0, 0, 0, 0, 0, 0, 0, 0, 0, 0, 0, 0, 0, 0, 0, 0, 0, 0, 
0, 0, 0, 0, 0, 0, 0, 0, 0, 0, 0, 0, 0, 0, 0, 0, 0, 0, 0, 0, 0, 0, 0, 0, 0, 0, 0, 0, 0, 0, 0, 0, 
0, 27, 107, 207, 255, 255, 255, 255, 255, 255, 255, 255, 255, 255, 255, 255, 255, 255, 255, 255, 255, 255, 255, 255, 255, 255, 255, 255, 255, 255, 204, 0, 
0, 62, 68, 36, 7, 0, 1, 0, 1, 0, 0, 0, 0, 2, 2, 3, 2, 1, 0, 0, 0, 0, 0, 0, 0, 0, 0, 0, 0, 0, 0, 0, 
0, 68, 77, 38, 4, 0, 0, 2, 0, 4, 4, 2, 1, 0, 0, 0, 0, 0, 1, 1, 1, 1, 1, 1, 0, 0, 0, 0, 0, 0, 0, 0, 
0, 3, 2, 0, 0, 0, 0, 0, 2, 3, 3, 3, 0, 0, 0, 0, 0, 0, 0, 0, 0, 0, 0, 0, 0, 0, 0, 1, 0, 0, 0, 0, 
0, 17, 14, 2, 0, 5, 5, 5, 1, 0, 0, 0, 0, 0, 0, 0, 0, 0, 0, 0, 1, 3, 3, 3, 1, 0, 0, 1, 3, 3, 2, 0, 
0, 12, 10, 0, 0, 0, 0, 0, 0, 0, 0, 0, 0, 0, 0, 0, 0, 0, 1, 1, 1, 0, 0, 0, 1, 1, 1, 0, 0, 0, 0, 0, 
0, 0, 0, 0, 0, 4, 3, 5, 4, 6, 6, 6, 5, 4, 3, 3, 2, 1, 1, 1, 1, 0, 0, 0, 0, 0, 0, 0, 0, 0, 0, 0, 
0, 0, 0, 0, 1, 0, 0, 0, 3, 2, 3, 3, 4, 5, 4, 1, 0, 0, 0, 0, 0, 0, 0, 0, 0, 1, 3, 3, 2, 0, 0, 0, 
0, 0, 0, 0, 0, 0, 0, 0, 0, 0, 0, 0, 0, 0, 0, 0, 0, 0, 0, 1, 1, 0, 1, 1, 1, 1, 0, 0, 0, 0, 0, 0, 
0, 0, 0, 0, 0, 0, 0, 1, 1, 1, 0, 0, 0, 0, 0, 0, 0, 0, 0, 0, 0, 0, 0, 0, 0, 0, 0, 0, 0, 0, 0, 0, 
0, 3, 5, 0, 0, 1, 4, 4, 2, 1, 1, 0, 0, 0, 0, 0, 0, 0, 0, 0, 0, 0, 0, 1, 1, 0, 0, 0, 0, 0, 0, 0, 
0, 0, 0, 5, 3, 2, 0, 0, 0, 0, 0, 0, 0, 0, 1, 3, 5, 5, 3, 0, 0, 0, 0, 0, 0, 0, 0, 1, 2, 3, 2, 0, 
0, 0, 0, 0, 2, 1, 2, 0, 0, 0, 1, 3, 6, 7, 6, 3, 2, 2, 3, 3, 3, 3, 2, 1, 0, 0, 1, 2, 4, 5, 4, 0, 
0, 1, 0, 0, 0, 0, 1, 3, 2, 0, 0, 0, 0, 0, 2, 2, 1, 1, 3, 4, 3, 0, 0, 0, 0, 0, 0, 0, 0, 0, 0, 0, 
0, 1, 2, 2, 0, 0, 0, 0, 0, 0, 2, 3, 2, 1, 0, 2, 2, 3, 3, 7, 9, 9, 5, 2, 0, 0, 0, 0, 0, 0, 0, 0, 
0, 0, 0, 0, 0, 1, 0, 2, 1, 2, 2, 3, 6, 8, 9, 8, 8, 7, 6, 2, 0, 0, 0, 0, 0, 0, 0, 0, 0, 0, 0, 0, 
0, 0, 1, 1, 4, 3, 4, 1, 0, 0, 1, 3, 2, 1, 0, 0, 0, 0, 0, 1, 2, 3, 2, 1, 1, 1, 2, 1, 2, 1, 1, 0, 
0, 0, 0, 0, 0, 2, 2, 2, 1, 0, 0, 0, 0, 0, 0, 0, 0, 0, 0, 0, 0, 0, 0, 0, 0, 0, 0, 1, 1, 1, 0, 0, 
0, 0, 0, 0, 1, 3, 4, 5, 4, 4, 2, 0, 0, 0, 0, 0, 0, 0, 0, 0, 0, 0, 0, 0, 0, 0, 1, 0, 0, 0, 0, 0, 
0, 0, 0, 0, 0, 0, 0, 0, 1, 2, 1, 1, 1, 3, 2, 0, 0, 0, 0, 1, 0, 1, 2, 3, 2, 0, 0, 0, 0, 0, 0, 0, 
0, 0, 0, 0, 0, 0, 0, 0, 0, 0, 1, 1, 1, 0, 0, 0, 1, 0, 0, 0, 0, 0, 0, 0, 0, 1, 1, 0, 0, 0, 0, 0, 
0, 0, 0, 0, 0, 0, 0, 0, 0, 0, 0, 2, 3, 3, 1, 0, 0, 0, 0, 0, 0, 1, 2, 3, 2, 2, 1, 2, 1, 1, 0, 0, 
0, 5, 6, 5, 3, 3, 4, 2, 0, 0, 0, 0, 0, 0, 0, 1, 2, 0, 0, 0, 2, 2, 1, 0, 0, 0, 0, 0, 0, 0, 0, 0, 
0, 0, 0, 0, 0, 0, 0, 0, 0, 5, 4, 0, 0, 1, 3, 6, 3, 7, 5, 5, 1, 0, 0, 2, 2, 3, 2, 2, 2, 0, 0, 0, 
0, 0, 0, 0, 4, 8, 11, 11, 10, 5, 2, 2, 3, 1, 2, 0, 2, 0, 1, 0, 2, 2, 3, 3, 4, 5, 5, 4, 2, 3, 2, 0, 
0, 11, 6, 0, 0, 0, 0, 0, 0, 0, 1, 3, 3, 2, 0, 0, 0, 0, 0, 0, 0, 0, 0, 0, 0, 0, 0, 0, 0, 0, 1, 0, 
0, 37, 44, 25, 7, 2, 0, 0, 0, 0, 0, 0, 0, 2, 4, 4, 4, 2, 3, 3, 5, 5, 3, 2, 0, 0, 0, 0, 0, 0, 0, 0, 
0, 0, 9, 51, 80, 84, 69, 39, 18, 4, 0, 0, 0, 0, 0, 0, 0, 0, 0, 0, 0, 0, 1, 0, 0, 0, 0, 1, 2, 5, 4, 0, 
0, 0, 0, 0, 2, 10, 21, 51, 78, 79, 62, 40, 23, 13, 4, 0, 0, 0, 0, 0, 0, 0, 0, 3, 0, 1, 1, 2, 4, 3, 2, 0, 
0, 193, 253, 189, 128, 98, 95, 112, 131, 155, 188, 224, 255, 255, 255, 255, 255, 255, 255, 255, 255, 255, 255, 255, 255, 255, 255, 255, 255, 255, 191, 0, 
0, 0, 0, 0, 0, 0, 0, 0, 0, 0, 0, 0, 0, 0, 0, 0, 0, 0, 0, 0, 0, 0, 0, 0, 0, 0, 0, 0, 0, 0, 0, 0, 
0, 0, 0, 0, 0, 0, 0, 0, 0, 0, 0, 0, 0, 0, 0, 0, 0, 0, 0, 0, 0, 0, 0, 0, 0, 0, 0, 0, 0, 0, 0, 0, 
0, 204, 255, 255, 255, 255, 255, 255, 255, 255, 255, 255, 255, 255, 255, 255, 255, 255, 255, 255, 255, 255, 255, 255, 255, 255, 255, 255, 255, 255, 206, 0, 
0, 0, 0, 0, 0, 1, 2, 3, 3, 2, 1, 0, 0, 1, 1, 2, 2, 3, 2, 2, 3, 5, 6, 4, 2, 0, 0, 0, 0, 0, 0, 0, 
0, 0, 0, 0, 0, 0, 0, 0, 0, 0, 0, 1, 4, 5, 6, 5, 7, 8, 12, 13, 12, 7, 3, 3, 3, 4, 3, 3, 3, 2, 1, 0, 
0, 0, 0, 0, 0, 2, 4, 6, 4, 3, 2, 4, 3, 3, 2, 3, 1, 1, 0, 0, 0, 0, 0, 3, 10, 14, 15, 12, 9, 8, 5, 0, 
0, 0, 0, 0, 0, 0, 0, 0, 0, 0, 0, 0, 0, 0, 1, 0, 1, 0, 1, 0, 0, 0, 0, 0, 0, 0, 0, 0, 0, 0, 0, 0, 
0, 0, 0, 0, 0, 0, 1, 4, 6, 5, 3, 1, 0, 0, 0, 1, 2, 7, 4, 8, 6, 8, 4, 0, 0, 0, 0, 0, 0, 0, 0, 0, 
0, 0, 0, 0, 1, 0, 0, 0, 1, 4, 4, 3, 1, 1, 1, 1, 4, 0, 1, 0, 1, 1, 1, 0, 0, 0, 0, 0, 0, 0, 0, 0, 
0, 2, 1, 0, 0, 0, 0, 0, 0, 0, 3, 3, 3, 2, 2, 1, 0, 0, 0, 2, 3, 5, 4, 2, 0, 0, 0, 0, 0, 1, 2, 0, 
0, 0, 1, 2, 2, 1, 0, 0, 0, 2, 0, 0, 0, 2, 0, 0, 0, 0, 0, 0, 0, 0, 0, 0, 3, 2, 1, 0, 0, 0, 1, 0, 
0, 0, 0, 0, 0, 0, 0, 0, 0, 0, 0, 0, 0, 0, 0, 0, 0, 0, 0, 0, 0, 0, 0, 0, 0, 0, 1, 3, 1, 1, 0, 0, 
0, 0, 0, 0, 0, 0, 0, 0, 0, 0, 0, 0, 0, 0, 0, 0, 0, 0, 1, 0, 0, 0, 0, 0, 0, 0, 3, 2, 0, 0, 0, 0, 
0, 1, 1, 0, 0, 1, 1, 1, 0, 0, 0, 0, 0, 0, 0, 0, 0, 1, 1, 1, 2, 3, 2, 1, 0, 1, 0, 0, 0, 0, 0, 0, 
0, 2, 3, 4, 4, 3, 2, 0, 1, 1, 6, 6, 8, 5, 3, 1, 0, 0, 0, 0, 0, 0, 3, 4, 3, 1, 1, 2, 4, 5, 4, 0, 
0, 2, 3, 2, 2, 2, 3, 5, 4, 4, 3, 5, 4, 5, 2, 0, 0, 0, 0, 3, 5, 6, 6, 5, 3, 1, 0, 1, 2, 3, 2, 0, 
0, 0, 0, 0, 0, 0, 0, 1, 1, 3, 0, 0, 0, 0, 0, 0, 0, 0, 0, 0, 0, 0, 0, 0, 0, 0, 1, 0, 0, 0, 0, 0, 
0, 0, 0, 0, 0, 0, 0, 0, 2, 0, 2, 0, 0, 0, 0, 0, 0, 1, 3, 3, 2, 3, 2, 3, 1, 1, 0, 0, 0, 0, 0, 0, 
0, 0, 0, 0, 1, 1, 0, 0, 0, 0, 0, 0, 0, 0, 0, 2, 5, 4, 1, 0, 0, 0, 0, 0, 0, 0, 0, 1, 1, 1, 0, 0, 
0, 1, 0, 0, 0, 0, 0, 0, 0, 0, 0, 0, 0, 1, 1, 1, 1, 3, 4, 3, 0, 0, 0, 1, 0, 0, 1, 1, 3, 3, 3, 0, 
0, 0, 0, 0, 0, 0, 0, 0, 0, 0, 0, 0, 0, 0, 1, 3, 2, 0, 0, 1, 3, 2, 1, 0, 0, 0, 0, 0, 0, 3, 2, 0, 
0, 0, 0, 0, 0, 0, 0, 0, 1, 2, 3, 3, 2, 0, 0, 0, 0, 0, 0, 1, 0, 0, 0, 0, 0, 0, 0, 0, 0, 0, 0, 0, 
0, 0, 0, 0, 1, 2, 1, 0, 0, 0, 0, 0, 0, 0, 0, 0, 1, 1, 1, 0, 0, 0, 0, 0, 0, 0, 0, 0, 0, 0, 0, 0, 
0, 0, 0, 0, 0, 0, 0, 0, 0, 0, 0, 0, 0, 0, 0, 0, 0, 1, 1, 0, 0, 0, 0, 0, 0, 0, 0, 0, 0, 0, 0, 0, 
0, 0, 0, 0, 0, 0, 0, 1, 1, 3, 2, 2, 2, 5, 10, 9, 5, 0, 0, 0, 0, 0, 0, 0, 0, 0, 0, 0, 0, 0, 0, 0, 
0, 0, 0, 0, 0, 0, 0, 0, 0, 0, 1, 3, 4, 4, 2, 2, 2, 2, 1, 0, 2, 2, 3, 3, 4, 5, 5, 6, 6, 6, 4, 0, 
0, 0, 0, 0, 0, 0, 0, 0, 0, 0, 1, 2, 3, 2, 1, 0, 0, 0, 0, 0, 0, 0, 1, 3, 5, 7, 7, 5, 3, 3, 2, 0, 
0, 3, 4, 4, 4, 4, 2, 0, 0, 0, 0, 0, 0, 0, 0, 0, 0, 0, 1, 2, 2, 1, 0, 0, 0, 0, 0, 0, 1, 0, 0, 0, 
0, 1, 1, 1, 2, 2, 2, 1, 2, 2, 2, 1, 0, 0, 0, 0, 0, 0, 0, 0, 0, 0, 0, 0, 0, 0, 0, 0, 0, 1, 1, 0, 
0, 2, 2, 0, 0, 1, 2, 4, 4, 4, 2, 1, 0, 0, 0, 0, 0, 0, 0, 0, 0, 0, 1, 3, 8, 8, 8, 6, 5, 2, 0, 0, 
0, 1, 1, 3, 1, 1, 0, 0, 0, 0, 0, 0, 1, 2, 3, 2, 1, 0, 0, 0, 0, 0, 0, 1, 1, 1, 0, 0, 2, 4, 4, 0, 
0, 196, 255, 255, 255, 255, 255, 255, 255, 255, 255, 255, 255, 255, 255, 255, 255, 255, 255, 255, 255, 255, 255, 255, 255, 255, 255, 255, 255, 255, 192, 0, 
0, 0, 0, 0, 0, 0, 0, 0, 0, 0, 0, 0, 0, 0, 0, 0, 0, 0, 0, 0, 0, 0, 0, 0, 0, 0, 0, 0, 0, 0, 0, 0, 
0, 0, 0, 0, 0, 0, 0, 0, 0, 0, 0, 0, 0, 0, 0, 0, 0, 0, 0, 0, 0, 0, 0, 0, 0, 0, 0, 0, 0, 0, 0, 0, 
0, 206, 255, 255, 255, 255, 255, 255, 255, 255, 255, 255, 255, 255, 255, 255, 255, 255, 255, 255, 255, 255, 255, 255, 255, 255, 255, 255, 255, 255, 212, 0, 
0, 0, 2, 2, 2, 0, 0, 0, 0, 0, 0, 0, 0, 0, 0, 0, 0, 0, 2, 3, 5, 5, 6, 5, 4, 2, 1, 0, 1, 3, 3, 0, 
0, 2, 1, 0, 0, 0, 0, 0, 0, 0, 0, 0, 0, 0, 0, 0, 0, 0, 0, 0, 0, 0, 0, 0, 0, 0, 1, 2, 1, 0, 0, 0, 
0, 0, 0, 0, 0, 0, 0, 0, 0, 0, 0, 0, 0, 0, 0, 0, 0, 0, 0, 0, 0, 0, 0, 0, 0, 0, 0, 0, 0, 0, 0, 0, 
0, 0, 0, 0, 0, 0, 0, 0, 0, 0, 0, 0, 0, 0, 0, 0, 0, 0, 0, 0, 0, 0, 0, 0, 0, 1, 0, 0, 1, 2, 2, 0, 
0, 0, 0, 0, 0, 0, 0, 0, 0, 0, 1, 2, 1, 0, 0, 0, 1, 1, 0, 0, 0, 0, 0, 0, 0, 0, 0, 0, 0, 2, 2, 0, 
0, 0, 0, 0, 0, 1, 2, 1, 0, 0, 0, 0, 1, 1, 3, 3, 3, 2, 2, 4, 4, 4, 2, 1, 0, 2, 3, 3, 2, 0, 0, 0, 
0, 0, 0, 0, 0, 0, 0, 1, 2, 4, 4, 4, 3, 2, 0, 0, 0, 0, 0, 0, 0, 1, 2, 1, 1, 2, 3, 3, 1, 1, 0, 0, 
0, 1, 1, 0, 0, 0, 0, 1, 2, 1, 0, 0, 0, 0, 0, 0, 0, 1, 3, 2, 0, 0, 0, 0, 0, 0, 0, 0, 0, 0, 0, 0, 
0, 1, 1, 0, 0, 0, 1, 0, 0, 1, 1, 1, 0, 0, 0, 2, 1, 0, 0, 0, 0, 0, 0, 0, 0, 0, 0, 0, 0, 0, 0, 0, 
0, 0, 0, 0, 0, 1, 2, 3, 5, 3, 3, 1, 1, 1, 2, 2, 1, 0, 0, 0, 0, 0, 0, 0, 0, 0, 0, 0, 0, 0, 0, 0, 
0, 0, 0, 2, 2, 2, 0, 0, 0, 0, 0, 0, 0, 2, 4, 4, 5, 4, 2, 0, 0, 1, 0, 0, 0, 0, 0, 0, 0, 0, 0, 0, 
0, 2, 3, 2, 1, 0, 0, 0, 0, 0, 0, 0, 0, 0, 0, 0, 0, 0, 2, 2, 2, 2, 5, 4, 2, 0, 0, 0, 3, 6, 6, 0, 
0, 0, 0, 0, 0, 0, 1, 2, 3, 5, 5, 5, 2, 0, 0, 0, 0, 0, 0, 0, 2, 7, 7, 5, 4, 4, 4, 5, 6, 7, 4, 0, 
0, 0, 0, 0, 0, 0, 0, 0, 2, 3, 4, 4, 7, 8, 10, 9, 5, 0, 0, 0, 1, 4, 3, 4, 3, 5, 3, 3, 3, 5, 4, 0, 
0, 0, 0, 2, 3, 4, 3, 2, 0, 0, 0, 0, 0, 0, 0, 0, 0, 0, 2, 2, 1, 0, 0, 0, 0, 0, 0, 0, 0, 0, 0, 0, 
0, 0, 0, 0, 0, 1, 3, 2, 2, 0, 0, 0, 0, 0, 0, 0, 0, 3, 4, 6, 3, 1, 0, 0, 0, 0, 0, 0, 0, 0, 0, 0, 
0, 1, 1, 0, 0, 0, 0, 0, 0, 0, 0, 0, 0, 0, 1, 2, 5, 4, 5, 3, 4, 4, 3, 1, 0, 2, 3, 4, 0, 0, 0, 0, 
0, 3, 4, 4, 2, 1, 0, 0, 0, 1, 2, 3, 3, 2, 0, 0, 0, 0, 0, 2, 2, 3, 3, 4, 6, 4, 3, 1, 2, 2, 1, 0, 
0, 0, 2, 3, 5, 4, 4, 3, 3, 3, 4, 5, 4, 2, 0, 0, 0, 0, 0, 0, 0, 0, 0, 0, 2, 6, 8, 6, 2, 0, 0, 0, 
0, 0, 0, 0, 0, 2, 4, 6, 6, 6, 6, 5, 4, 2, 1, 0, 1, 0, 0, 0, 0, 0, 0, 0, 2, 1, 0, 1, 4, 6, 4, 0, 
0, 0, 0, 0, 0, 0, 0, 0, 0, 0, 0, 0, 0, 0, 0, 2, 2, 5, 4, 6, 5, 7, 7, 6, 3, 1, 0, 0, 0, 0, 0, 0, 
0, 0, 0, 0, 0, 0, 0, 0, 0, 0, 0, 0, 0, 0, 0, 0, 0, 0, 3, 4, 8, 6, 4, 0, 0, 0, 0, 0, 0, 0, 0, 0, 
0, 0, 0, 0, 0, 0, 0, 0, 0, 0, 0, 0, 0, 0, 0, 0, 0, 0, 0, 0, 0, 0, 0, 0, 0, 0, 0, 0, 0, 2, 1, 0, 
0, 0, 0, 0, 0, 0, 0, 0, 0, 0, 0, 0, 0, 0, 0, 1, 2, 2, 0, 0, 0, 0, 0, 0, 0, 0, 1, 1, 3, 4, 4, 0, 
0, 3, 3, 3, 2, 3, 4, 3, 2, 0, 0, 0, 0, 0, 0, 0, 0, 0, 0, 0, 0, 0, 0, 0, 0, 0, 0, 1, 1, 0, 0, 0, 
0, 1, 3, 3, 4, 3, 3, 3, 3, 3, 2, 0, 0, 0, 0, 0, 0, 0, 0, 0, 0, 0, 0, 0, 0, 0, 0, 1, 1, 0, 0, 0, 
0, 0, 0, 0, 0, 0, 0, 0, 1, 3, 2, 1, 0, 0, 0, 0, 0, 1, 2, 1, 0, 0, 0, 0, 0, 0, 1, 1, 2, 2, 2, 0, 
0, 4, 7, 9, 9, 7, 4, 2, 1, 0, 0, 0, 1, 0, 0, 0, 0, 0, 0, 0, 0, 0, 0, 0, 0, 0, 0, 0, 0, 0, 0, 0, 
0, 199, 255, 255, 255, 255, 255, 255, 255, 255, 255, 255, 255, 255, 255, 255, 255, 255, 255, 255, 255, 255, 255, 255, 255, 255, 255, 255, 255, 255, 203, 0, 
0, 0, 0, 0, 0, 0, 0, 0, 0, 0, 0, 0, 0, 0, 0, 0, 0, 0, 0, 0, 0, 0, 0, 0, 0, 0, 0, 0, 0, 0, 0, 0, 
